Video,Channel,Time,Year,Month,Day_week,Date,Hour
 O convite | Gumball | MÃªs do Riso | Cartoon Network,Cartoon Network Brasil,2019-12-14 00:29:01,2019,December,Saturday,2019-12-14,0
 Caillou em PortuguÃªs â˜… EpisÃ³dios Completos â˜… Caillou e o Ã´nibus escolar â˜… Desenho Animado â˜…,Caillou em PortuguÃªs - WildBrain,2019-12-14 00:26:37,2019,December,Saturday,2019-12-14,0
 Caillou em PortuguÃªs | Caillou e a Fada do Dente | Nova Temporada | Desenho Animado,Caillou em PortuguÃªs - WildBrain,2019-12-14 00:25:29,2019,December,Saturday,2019-12-14,0
 https://www.youtube.com/watch?v=PALYEcVINRc,Advertisement (Google AdSense),2019-08-25 18:32:41,2019,August,Sunday,2019-08-25,18
 CINDERELA - Uma Nova Cindebela. Historinha da Bela em Portugues | DisneySurpresa,Bela BagunÃ§a,2019-08-25 18:24:27,2019,August,Sunday,2019-08-25,18
 https://www.youtube.com/watch?v=p5_dB8q8kJA,Advertisement (Google AdSense),2019-08-25 18:23:16,2019,August,Sunday,2019-08-25,18
 UMA MANHÃƒ DE ATIVIDADES - Flavia Calina,Flavia Calina,2019-08-25 18:23:04,2019,August,Sunday,2019-08-25,18
 Tintas de Banho do Pig George e Peppa Pig no Escorregador,TOYSBR Parque dos Brinquedos Surpresa Brasil,2019-08-25 18:21:08,2019,August,Sunday,2019-08-25,18
 Bia Lobo Passeio com Clarabela,Bia Lobo,2019-08-25 18:18:34,2019,August,Sunday,2019-08-25,18
 BABYALIVE / DORMINDO  / POMERANIAN / LULU DA POMERÃ‚NIA / BIA LOBO,Bia Lobo,2019-08-25 18:15:23,2019,August,Sunday,2019-08-25,18
 Baby Alive Rotina do AlmoÃ§o LUNCH ROUTINE com BIA LOBO,Bia Lobo,2019-08-25 18:14:19,2019,August,Sunday,2019-08-25,18
 VIRAMOS TROLLS - Flavia Calina,Flavia Calina,2019-08-25 18:11:12,2019,August,Sunday,2019-08-25,18
 BÃ¼yÃ¼kannem Havuza DÃ¼ÅŸtÃ¼!! - For Kid Swimming Pool and Kids - Funny Oyuncak AvÄ± Ã–ykÃ¼,Oyuncak AvÄ±,2019-08-25 18:07:07,2019,August,Sunday,2019-08-25,18
 Ã–ykÃ¼'nÃ¼n Survivor Parkuru - Colored Wheels For Kids - Funny Oyuncak AvÄ±,Oyuncak AvÄ±,2019-08-25 18:07:02,2019,August,Sunday,2019-08-25,18
 Ã–ykÃ¼ and Barbie Car Play with Cute Monkey  - Funny Oyuncak AvÄ±,Oyuncak AvÄ±,2019-08-25 18:06:51,2019,August,Sunday,2019-08-25,18
" Ã–ykÃ¼ and toy brother in colored paints, Learn Colors With finger paints - Funny Oyuncak AvÄ±",Oyuncak AvÄ±,2019-08-25 18:05:27,2019,August,Sunday,2019-08-25,18
 Sesame Street: R is for Routine,Sesame Street,2019-08-25 18:03:16,2019,August,Sunday,2019-08-25,18
 The Wiggles: Miss Polly Had a Dolly (feat. Dennisha Pratt) | Kids Songs,The Wiggles,2019-08-25 17:59:49,2019,August,Sunday,2019-08-25,17
 ESTÃTUA - VIDEOCLIPE OFICIAL - MILENINHA,MILENINHA,2019-08-25 17:57:13,2019,August,Sunday,2019-08-25,17
 NÃƒO TÃ DANDO CERTO ğŸ˜¨ (Clipe Oficial) Mileninha,MILENINHA,2019-08-25 17:55:31,2019,August,Sunday,2019-08-25,17
 CAPA DE INVISIBILIDADE â¤ CAPÃTULO 2 â¤ MUNDO DA MENINA,Mundo da Menina,2019-08-25 17:53:12,2019,August,Sunday,2019-08-25,17
 CAPA DE INVISIBILIDADE â¤ CAPÃTULO 1 â¤ MUNDO DA MENINA,Mundo da Menina,2019-08-25 17:51:43,2019,August,Sunday,2019-08-25,17
 Aviao da Barbie Novo Abrindo Brinquedo Review do Novo Jato da Barbie!!! Em Portugues Tototoykids,Totoykids,2019-08-25 17:47:29,2019,August,Sunday,2019-08-25,17
 Baby Alive Sara minha boneca Ganha Brinquedo Novo playset 3 em 1 toma Banho Cozinha e Muito mais!!!,Totoykids,2019-08-25 17:34:54,2019,August,Sunday,2019-08-25,17
 Zig & Sharko ğŸ”PLAYMOBIL ğŸ¤– THE SLICK (S01E04.1) in HD,Zig & Sharko,2019-08-25 17:31:48,2019,August,Sunday,2019-08-25,17
 BalÃ£o Gigante de Bola com surpresa com Julia Silva,Canal da Lulu,2019-08-25 17:30:45,2019,August,Sunday,2019-08-25,17
 Mia BagunÃ§a,Lilly Doll,2019-08-25 17:29:28,2019,August,Sunday,2019-08-25,17
 ğŸ¼BABY ALIVE COMILONA SARA ALMOCÌ§O MACARRAÌƒO COM MOLHO CARNE MOIÌDA SORVETE E SUCO DE UVA COMIDINHAS,Baby Alive Brasil,2019-08-25 17:29:23,2019,August,Sunday,2019-08-25,17
 BABYALIVE / Shopping / PASSEIO de Carro,Bia Lobo,2019-08-25 17:07:07,2019,August,Sunday,2019-08-25,17
 UMA PRINCESA NO JARDIM - Flavia Calina,Flavia Calina,2019-08-25 17:06:56,2019,August,Sunday,2019-08-25,17
 https://www.youtube.com/watch?v=o19XQcMu3FA,Advertisement (Google AdSense),2019-08-25 17:06:32,2019,August,Sunday,2019-08-25,17
 BALAÌƒO GIGANTE SURPRESA BONECAS LOL SURPRESA SÃ‰RIE 2 e SÃ‰RIE 1 | NICOLE DUMER,NICOLE DUMER,2019-08-25 17:06:00,2019,August,Sunday,2019-08-25,17
 MASSINHA DIFERENTE - MISS GABY,Miss Gaby e FamÃ­lia,2019-08-25 17:00:46,2019,August,Sunday,2019-08-25,17
 ATIVIDADE PARA CRIANÃ‡AS - PINTURA COM ESPONJA - Flavia Calina,Flavia Calina,2019-08-25 17:00:35,2019,August,Sunday,2019-08-25,17
 CAPA DE INVISIBILIDADE â¤ CAPÃTULO 4 â¤ MUNDO DA MENINA,Mundo da Menina,2019-08-25 16:57:10,2019,August,Sunday,2019-08-25,16
 CAPA DE INVISIBILIDADE â¤ CAPÃTULO 3 â¤ MUNDO DA MENINA,Mundo da Menina,2019-08-25 16:55:19,2019,August,Sunday,2019-08-25,16
 A AMIGA MENTIROSA 1,Fran para meninas,2019-08-25 16:49:24,2019,August,Sunday,2019-08-25,16
 BABY ALIVE  na Hora do Jantar com BIA LOBO,Bia Lobo,2019-08-25 16:49:15,2019,August,Sunday,2019-08-25,16
 DERRAMANDO A AGÃšA DA PISCINA  COM CORANTES - MUITO DIVERTIDO,Valentina Pontes,2019-08-25 16:48:11,2019,August,Sunday,2019-08-25,16
 FELIZ ANIVERSÃRIO VICTORIA - #VICTORIAFAZDOIS - Flavia Calina,Flavia Calina,2019-08-25 16:43:12,2019,August,Sunday,2019-08-25,16
 SE AS COISAS FOSSEM AO CONTRÃRIO - NO SUPERMERCADO,Valentina Pontes,2019-08-25 16:42:23,2019,August,Sunday,2019-08-25,16
 PISCINA Ã‰ A NOSSA PAIXÃƒO - Flavia Calina,Flavia Calina,2019-08-25 16:34:16,2019,August,Sunday,2019-08-25,16
 Funny Stacy playing in outdoor playground,Like Nastya ESP,2019-08-25 16:31:35,2019,August,Sunday,2019-08-25,16
 Pintinho Amarelinho Se Escondeu Da Galinha Pintadinha Tia Fla Kids,Tio Pufi,2019-08-25 16:28:54,2019,August,Sunday,2019-08-25,16
 BABY ALIVE MENINO MEU PRIMEIRO FILHO TOMANDO BANHO NA BANHEIRA DE AÌGUA AZUL,Baby Alive Brasil,2019-08-25 16:27:16,2019,August,Sunday,2019-08-25,16
 MAMÃƒE E FILHA BRINCANDO NO PARQUINHO,Valentina Pontes,2019-08-25 16:27:04,2019,August,Sunday,2019-08-25,16
 ESCORREGANDO NO PAPELÃƒO - Conhecendo Curitiba,Maria Clara & JP,2019-08-25 16:24:53,2019,August,Sunday,2019-08-25,16
 MINHA FESTA SURPRESA DA LADYBUG,Maria Clara & JP,2019-08-25 16:22:17,2019,August,Sunday,2019-08-25,16
 BRINCANDO DE MASTERCHEF   3,Eloah e DiversÃ£o,2019-08-25 16:21:55,2019,August,Sunday,2019-08-25,16
 MINHA ROTINA DA MANHÃƒ â˜… DiversÃ£o em dias de semana â˜… Hora de brincar!!! BabyAlive Sarinha,Canal da LelÃª,2019-08-25 16:21:03,2019,August,Sunday,2019-08-25,16
 BABYALIVE / M&M's TransformacÌ§aÌƒo,Bia Lobo,2019-08-25 16:17:42,2019,August,Sunday,2019-08-25,16
 BABYALIVE / PLAY-DOH / ICE CREAM / SORVETERIA da BIA LOBO,Bia Lobo,2019-08-25 16:15:43,2019,August,Sunday,2019-08-25,16
 OVO SURPRESA GIGANTE play doh das princesas,Valentina Pontes,2019-08-25 16:15:37,2019,August,Sunday,2019-08-25,16
 OVO KINDER SURPRESA GIGANTE!! Maxi Kinder Chocolate Surprise Egg Toys for Kids,Brancoala,2019-08-25 16:13:46,2019,August,Sunday,2019-08-25,16
" PROVANDO DOCES ESTRANHOS COM MAIKITO!! Experimentando Pirulitos, Balas, Marshmallow e Chupetas",Brancoala,2019-08-25 16:13:23,2019,August,Sunday,2019-08-25,16
 Como fazer LEITE EM PÃ“ para Baby Alive e outras bonecas. Novelinha da Baby Alive,Brincadeira de CrianÃ§a,2019-08-25 16:12:30,2019,August,Sunday,2019-08-25,16
 GANHEI UM BONECO DE URSO GIGANTE DE VERDADE,LUCCAS NETO - LUCCAS TOON,2019-08-25 16:12:25,2019,August,Sunday,2019-08-25,16
 PAPAI NOEL APARECEU EM CASA ANTES DO NATAL!! Familia Brancoala,Brancoala,2019-08-25 16:11:17,2019,August,Sunday,2019-08-25,16
 ROTINA DE UM DIA NORMAL EM FAMILIA!! MacarrÃ£o com Salsicha da Claudia e Pacote de 10 Fidget Spinners,Brancoala,2019-08-25 16:11:05,2019,August,Sunday,2019-08-25,16
 ANIVERSÃRIO DE 11 MESES DA NINA  - 6 DE JANEIRO,BEL,2019-08-25 16:09:50,2019,August,Sunday,2019-08-25,16
 FESTA DE ANIVERSÃRIO DA GALINHA PINTADINHA - MISS GABY,Miss Gaby e FamÃ­lia,2019-08-25 15:48:59,2019,August,Sunday,2019-08-25,15
 Baby Alive no Mc Donald's Clarabela e Aninha Comendo McLanche Feliz,Bia Lobo,2019-08-11 19:05:54,2019,August,Sunday,2019-08-11,19
 Baby Alive Rotina do AlmoÃ§o LUNCH ROUTINE com BIA LOBO,Bia Lobo,2019-08-11 19:03:17,2019,August,Sunday,2019-08-11,19
 UMA MANHÃƒ DE ATIVIDADES - Flavia Calina,Flavia Calina,2019-08-11 18:52:37,2019,August,Sunday,2019-08-11,18
 ROTINA DA MANHÃƒ VOLTA Ã€S AULAS - MY MORNING ROUTINE ( fÃ©rias de julho) 2016 - Julia Moraes,Julia Moraes,2019-08-11 18:52:31,2019,August,Sunday,2019-08-11,18
 MINHA ROTINA DA MANHÃƒ â˜… DiversÃ£o em dias de semana â˜… Hora de brincar!!! BabyAlive Sarinha,Canal da LelÃª,2019-08-11 18:47:17,2019,August,Sunday,2019-08-11,18
 BABYALIVE / PLAY-DOH / ICE CREAM / SORVETERIA da BIA LOBO,Bia Lobo,2019-08-11 18:38:35,2019,August,Sunday,2019-08-11,18
 BRINCANDO DE MASTERCHEF   3,Eloah e DiversÃ£o,2019-08-11 18:36:46,2019,August,Sunday,2019-08-11,18
 ANIVERSÃRIO DE 11 MESES DA NINA  - 6 DE JANEIRO,BEL,2019-08-11 18:34:16,2019,August,Sunday,2019-08-11,18
 VIRAMOS TROLLS - Flavia Calina,Flavia Calina,2019-08-11 18:30:40,2019,August,Sunday,2019-08-11,18
 Ã–ykÃ¼ YÃ¼zme Havuzunda - For Kid Swimming Pool Colored Fences - Funny Oyuncak AvÄ±,Oyuncak AvÄ±,2019-08-11 18:27:52,2019,August,Sunday,2019-08-11,18
 BABYALIVE / Shopping / PASSEIO de Carro,Bia Lobo,2019-08-11 18:26:25,2019,August,Sunday,2019-08-11,18
 Baby Alive Sara minha boneca Ganha Brinquedo Novo playset 3 em 1 toma Banho Cozinha e Muito mais!!!,Totoykids,2019-08-11 18:26:21,2019,August,Sunday,2019-08-11,18
 BABYALIVE / DORMINDO  / POMERANIAN / LULU DA POMERÃ‚NIA / BIA LOBO,Bia Lobo,2019-08-11 18:23:23,2019,August,Sunday,2019-08-11,18
 MAMÃƒE E FILHA BRINCANDO NO PARQUINHO,Valentina Pontes,2019-08-11 18:23:18,2019,August,Sunday,2019-08-11,18
 SE AS COISAS FOSSEM AO CONTRÃRIO - NO SUPERMERCADO,Valentina Pontes,2019-08-11 18:23:13,2019,August,Sunday,2019-08-11,18
 BABYALIVE / M&M's TransformacÌ§aÌƒo,Bia Lobo,2019-08-11 18:19:34,2019,August,Sunday,2019-08-11,18
 TOQUINHO VIROU BABÃ DO PAULINHO,FamÃ­lia Paulinho e Toquinho,2019-08-11 18:19:30,2019,August,Sunday,2019-08-11,18
 O CHÃƒO Ã‰ LAVA e BRINCANDO de CORRER no PARQUINHO - Paulinho e Toquinho,FamÃ­lia Paulinho e Toquinho,2019-08-11 18:18:06,2019,August,Sunday,2019-08-11,18
 Klap Eens In Je Handjes | Kinderliedjes | Liedjes voor peuters en kleuters | Minidisco,Kids Songs - Mini Disco - Kids Disco,2019-08-11 18:15:27,2019,August,Sunday,2019-08-11,18
" Unser kleiner BÃ¤r im Zoo - Singen, Tanzen und Bewegen || Kinderlieder",Kinderlieder zum Mitsingen und Bewegen,2019-08-11 18:15:24,2019,August,Sunday,2019-08-11,18
 Na hada  - SPIEVANKOVO 1,SPIEVANKOVO,2019-08-11 18:15:17,2019,August,Sunday,2019-08-11,18
 DÃ maris Gelabert - ELS DIES DE LA SETMANA (Videoclip Oficial),DÃ maris Gelabert,2019-08-11 18:15:05,2019,August,Sunday,2019-08-11,18
 ã€æ˜†è™«ãƒ»è™«ãƒ‘ã‚ºãƒ«ã€‘ã‚«ãƒ–ãƒˆãƒ ã‚·ã‚„ã‚¯ãƒ¯ã‚¬ã‚¿ãƒ ã‚·ãªã©è‰²ã‚“ãªè™«ãŒç™»å ´ï¼å­ä¾›å‘ã‘ã‚¢ãƒ‹ãƒ¡â˜… Insects Puzzle kids anime,ãƒãƒƒã‚«ãƒ¼ãƒŠã‚¢ãƒ‹ãƒ¡ãƒ¼ã‚·ãƒ§ãƒ³ nokkana animation,2019-08-11 17:30:08,2019,August,Sunday,2019-08-11,17
" Pato, Pato - A Fazenda do Zenon 3 | O Reino das CrianÃ§as",O Reino Infantil,2019-08-11 17:27:13,2019,August,Sunday,2019-08-11,17
 Caillou auf Deutsch neue Folgen â˜… Caillou und das Trampolin COMPILATION â˜… HD 2018 âœ”,Caillou Deutsch - WildBrain,2019-08-11 17:17:42,2019,August,Sunday,2019-08-11,17
" Es regnet, es regnet - Singen, Tanzen und Bewegen || Kinderlieder",Kinderlieder zum Mitsingen und Bewegen,2019-08-11 17:17:35,2019,August,Sunday,2019-08-11,17
" Wir sind kleine Geister - Singen, Tanzen und Bewegen || Kinderlieder",Kinderlieder zum Mitsingen und Bewegen,2019-08-11 17:16:54,2019,August,Sunday,2019-08-11,17
 Î–Î¿Ï…Î¶Î¿ÏÎ½Î¹Î± | Î— ÎœÎ¹ÎºÏÎ® Î‘ÏÎ¬Ï‡Î½Î·,Zouzounia TV l Î•Î»Î»Î·Î½Î¹ÎºÎ¬,2019-08-11 17:06:29,2019,August,Sunday,2019-08-11,17
 Sick Song | CoComelon Nursery Rhymes & Kids Songs,Cocomelon - Nursery Rhymes,2019-08-11 17:05:52,2019,August,Sunday,2019-08-11,17
 Comptine pour bÃ©bÃ© - HeyKids,HeyKids - Chansons Pour Enfants,2019-08-11 17:05:48,2019,August,Sunday,2019-08-11,17
 BÃ©bÃ© Louis au Parc de Jeux pour Enfants | Comptines pour les Petit | Little Angel FranÃ§ais,Le Monde de Little Angel FranÃ§ais - Comptines BÃ©bÃ©,2019-08-11 17:05:43,2019,August,Sunday,2019-08-11,17
 Accidents Happen! | Nursery Rhymes & Baby Songs | Classic Little Baby Bum,Digley and Dazey - Trucks For Kids,2019-08-11 17:03:28,2019,August,Sunday,2019-08-11,17
 ĞœĞ°ÑˆĞ° Ğ¸ ĞœĞµĞ´Ğ²ĞµĞ´ÑŒ (Masha and The Bear) - ĞœĞ°ÑˆĞ° Ğ¿Ğ»ÑÑ ĞºĞ°ÑˆĞ° (17 Ğ¡ĞµÑ€Ğ¸Ñ),Get Movies,2019-08-11 17:03:19,2019,August,Sunday,2019-08-11,17
" Sesame Street: Healthy Teeth, Healthy Me: Brushy Brush PSA",Sesame Street,2019-08-11 17:01:22,2019,August,Sunday,2019-08-11,17
 Sesame Street: Cookie Monster Sings About Food,Sesame Street,2019-08-11 17:01:18,2019,August,Sunday,2019-08-11,17
 Sesame Street: R is for Routine,Sesame Street,2019-08-11 16:59:09,2019,August,Sunday,2019-08-11,16
 [ë¼ì„ì†¡ ë®¤ì§ë¹„ë””ì˜¤] ë¼ì„íŒ¬ ë¯¸íŒ… LAì¹œêµ¬ë“¤í¸| í‚¤ì¦ˆì¹´í˜ì™€ ë ˆê³ ëœë“œ ë³¼í’€ì¥ ë†€ì´ë™ì‚° ì²´í—˜ | ì–´ë¦°ì´ ì¸ê¸°ë™ìš” LimeTube & Toy ë¼ì„íŠœë¸Œ,Lime Tube[ë¼ì„íŠœë¸Œ],2019-08-11 16:58:29,2019,August,Sunday,2019-08-11,16
 í•‘í¬íì´ ì„œì€ì´ë¥¼ ì´ˆëŒ€í–ˆì–´ìš”! 2íƒ„ 2017 ìºë¦­í„° ë¼ì´ì„ ì‹± í˜ì–´ ìƒì–´ê°€ì¡± í•‘ê±°ì†¡  ìƒì–´ ìœ¨ë™ë™ìš”  pinkfong  fingersong,ì„œì€ì¼ìƒì´ì•¼ê¸°,2019-08-11 16:58:24,2019,August,Sunday,2019-08-11,16
 [10ë¶„]ë¼ì„íŠœë¸Œ ë™ìš” ëª¨ìŒ í•‘í¬íê³¼ í•‘ê±°íŒ¨ë°€ë¦¬  finger family songìœ¨ë™ë™ìš”,Lime Tube[ë¼ì„íŠœë¸Œ],2019-08-11 16:56:16,2019,August,Sunday,2019-08-11,16
" Ã–ykÃ¼ and toy brother in colored paints, Learn Colors With finger paints - Funny Oyuncak AvÄ±",Oyuncak AvÄ±,2019-08-11 16:51:31,2019,August,Sunday,2019-08-11,16
 https://www.youtube.com/watch?v=pBkaQT6EltM,Advertisement (Google AdSense),2019-08-11 16:48:18,2019,August,Sunday,2019-08-11,16
 Caillou en FranÃ§ais | L'anniversaire de Leo | dessin animÃ© | NOUVEL Ã‰PISODE | Caillou en FranÃ§ais,Caillou en FranÃ§ais - WildBrain,2019-08-11 16:48:12,2019,August,Sunday,2019-08-11,16
" Tester des goÃ»ts, en franÃ§ais - FROMAGE",Mini TFO,2019-08-11 16:46:46,2019,August,Sunday,2019-08-11,16
" Tester des goÃ»ts, en franÃ§ais - POMME",Mini TFO,2019-08-11 16:45:18,2019,August,Sunday,2019-08-11,16
" Ã–YKÃœ OYUN PEÅÄ°NDE Kid Play With Colored and Egg, Learn Colors With",Oyuncak AvÄ±,2019-08-11 16:42:01,2019,August,Sunday,2019-08-11,16
 Die Formen auf deutsch auf kindgerechte Weise lernen - Play-Doh - Titounis,Kinderlieder - Titounis,2019-08-11 16:41:24,2019,August,Sunday,2019-08-11,16
 Eiscreme Lied | Und noch viele weitere Kinderlieder | von LittleBabyBum,Little Baby Bum Deutsch,2019-08-11 16:41:20,2019,August,Sunday,2019-08-11,16
 Five Little Lollipops | Nursery Rhymes For Kids And Children,Zoobees Kids ABC TV - Baby Songs & Nursery Rhymes,2019-08-11 16:38:29,2019,August,Sunday,2019-08-11,16
 Hush a Bye Baby | Lullaby for Babies | Infobells,infobells,2019-08-11 16:32:09,2019,August,Sunday,2019-08-11,16
 Yes Yes Playground Song | CoComelon Nursery Rhymes & Kids Songs,Cocomelon - Nursery Rhymes,2019-08-11 16:27:56,2019,August,Sunday,2019-08-11,16
" The Wheels on the Bus - Nursery Rhymes for Children, Kids and Toddlers",Katie Cutie Kids TV,2019-08-11 16:25:16,2019,August,Sunday,2019-08-11,16
 ì•„ê¸°ìƒì–´ ì²´ì¡° | Baby Shark Dance | ìƒì–´ê°€ì¡± ì²´ì¡° | í•‘í¬í ì²´ì¡° | í•‘í¬í! ì¸ê¸°ë™ìš”,í•‘í¬í (ì¸ê¸° ë™ìš”ãƒ»ë™í™”),2019-08-11 16:25:13,2019,August,Sunday,2019-08-11,16
 Diez en la Cama - Canciones Infantiles | El Reino Infantil,El Reino Infantil,2019-08-11 16:25:10,2019,August,Sunday,2019-08-11,16
 Peek A Boo | CoComelon Nursery Rhymes & Kids Songs,Cocomelon - Nursery Rhymes,2019-08-11 16:25:07,2019,August,Sunday,2019-08-11,16
 Swimming Song + More Nursery Rhymes & Kids Songs - CoComelon,Cocomelon - Nursery Rhymes,2019-08-11 16:25:02,2019,August,Sunday,2019-08-11,16
 Junior Dress Up Party! ft. PAW Patrol + Shimmer & Shine ğŸŒŸ| Jr. Dress Up Ep. 6 | Nick Jr.,Nick Jr.,2019-08-11 16:23:46,2019,August,Sunday,2019-08-11,16
 This Is The Way We Get Dressed | Kids Songs | Super Simple Songs,Super Simple Songs - Kids Songs,2019-08-11 16:22:53,2019,August,Sunday,2019-08-11,16
 This Is The Way | Kids Songs | Super Simple Songs,Super Simple Songs - Kids Songs,2019-08-11 16:22:47,2019,August,Sunday,2019-08-11,16
 Baby Shark | CoComelon Nursery Rhymes & Kids Songs,Cocomelon - Nursery Rhymes,2019-08-11 16:16:00,2019,August,Sunday,2019-08-11,16
 Baby Shark | Kids Songs and Nursery Rhymes | Animal Songs from Bounce Patrol,Bounce Patrol - Kids Songs,2019-08-11 16:14:48,2019,August,Sunday,2019-08-11,16
 Halloween Baby Shark | Kids Songs and Nursery Rhymes | Halloween Songs from Bounce Patrol,Bounce Patrol - Kids Songs,2019-08-11 16:12:49,2019,August,Sunday,2019-08-11,16
 Baby Shark Dance | #babyshark Most Viewed Video | Animal Songs | PINKFONG Songs for Children,Pinkfong Baby Shark - Kids' Songs & Stories,2019-08-11 16:08:04,2019,August,Sunday,2019-08-11,16
