endTime,artistName,trackName,minPlayed,month,dayOfMonth,dayOfWeek,timeOfDay,date
2020-12-21 21:16:00,Ferrugem,Pra você acreditar - Ao vivo,3.398233333333333,December,21,Monday,21,2020-12-21 00:00:00
2020-12-21 21:19:00,Turma do Pagode,Aonde Quer Chegar (feat. Gaab),3.1940166666666667,December,21,Monday,21,2020-12-21 00:00:00
2020-12-21 21:24:00,Dilsinho,Controle Remoto (Ao Vivo),3.9505,December,21,Monday,21,2020-12-21 00:00:00
2020-12-21 21:30:00,Ferrugem,Sinto sua falta - Ao vivo,3.4110333333333336,December,21,Monday,21,2020-12-21 00:00:00
2020-12-21 21:30:00,Turma do Pagode,Deixa em Off - Ao Vivo,0.25398333333333334,December,21,Monday,21,2020-12-21 00:00:00
2020-12-21 21:34:00,Dilsinho,Pouco a Pouco (Ao Vivo) (feat. Sorriso Maroto),3.2802166666666666,December,21,Monday,21,2020-12-21 00:00:00
2020-12-21 21:38:00,Dilsinho,12 Horas (Ao Vivo),4.0008,December,21,Monday,21,2020-12-21 00:00:00
2020-12-21 21:42:00,Turma do Pagode,Se Eu Pudesse - Ao Vivo,3.91005,December,21,Monday,21,2020-12-21 00:00:00
2020-12-21 21:45:00,Pixote,Insegurança - Ao Vivo,3.0139666666666667,December,21,Monday,21,2020-12-21 00:00:00
2020-12-21 21:45:00,Turma do Pagode,Cobertor de Orelha - Ao Vivo,0.7259,December,21,Monday,21,2020-12-21 00:00:00
2020-12-21 21:46:00,Dilsinho,Terra do Nunca (Ao Vivo),0.22813333333333335,December,21,Monday,21,2020-12-21 00:00:00
2020-12-27 22:32:00,Criolo,Boca de Lobo,3.7841,December,27,Sunday,22,2020-12-27 00:00:00
2020-12-27 22:37:00,Silva,Soprou,5.044933333333334,December,27,Sunday,22,2020-12-27 00:00:00
2020-12-27 22:39:00,Criolo,Fermento Pra Massa,1.4334833333333334,December,27,Sunday,22,2020-12-27 00:00:00
2021-03-28 16:55:00,The xx,Intro,0.11223333333333334,March,28,Sunday,16,2021-03-28 00:00:00
2021-03-28 16:59:00,Chet Faker,Talk Is Cheap,3.63445,March,28,Sunday,16,2021-03-28 00:00:00
2021-03-28 17:05:00,Max Frost,Nice and Slow - EP Version,6.861316666666666,March,28,Sunday,17,2021-03-28 00:00:00
2021-03-28 17:07:00,Portishead,Strangers,1.3573333333333333,March,28,Sunday,17,2021-03-28 00:00:00
2021-03-28 17:13:00,Max Frost,Nice and Slow - EP Version,3.1696666666666666,March,28,Sunday,17,2021-03-28 00:00:00
2021-03-28 17:26:00,Max Frost,Nice and Slow - EP Version,0.6783333333333333,March,28,Sunday,17,2021-03-28 00:00:00
2021-03-28 17:29:00,Portishead,Strangers,2.9016,March,28,Sunday,17,2021-03-28 00:00:00
2021-03-28 17:32:00,Marian Hill,One Time,3.0106166666666665,March,28,Sunday,17,2021-03-28 00:00:00
2021-03-28 17:32:00,Max Frost,Adderall,0.5363333333333333,March,28,Sunday,17,2021-03-28 00:00:00
2021-03-28 17:35:00,Max Frost,White Lies - EP Version,2.9639,March,28,Sunday,17,2021-03-28 00:00:00
2021-03-28 17:38:00,Max Frost,Die Young,3.1308833333333337,March,28,Sunday,17,2021-03-28 00:00:00
2021-03-28 17:39:00,Max Frost,Withdrawal,0.09916666666666667,March,28,Sunday,17,2021-03-28 00:00:00
2021-03-28 17:39:00,Max Frost,Good Morning,0.7510833333333333,March,28,Sunday,17,2021-03-28 00:00:00
2021-03-28 17:41:00,Max Frost,Let Me Down Easy,1.8309166666666667,March,28,Sunday,17,2021-03-28 00:00:00
2021-03-28 17:41:00,DJ Snake,Broken Summer,0.08731666666666667,March,28,Sunday,17,2021-03-28 00:00:00
2021-03-28 17:42:00,Max Frost,Nice and Slow - EP Version,0.29481666666666667,March,28,Sunday,17,2021-03-28 00:00:00
2021-03-28 17:45:00,Max Frost,Glow Long - EP Version,0.09495,March,28,Sunday,17,2021-03-28 00:00:00
2021-03-28 17:45:00,Max Frost,Suspended Animation - EP Version,0.33826666666666666,March,28,Sunday,17,2021-03-28 00:00:00
2021-03-28 17:45:00,Max Frost,Nice and Slow - EP Version,3.276683333333333,March,28,Sunday,17,2021-03-28 00:00:00
2021-03-28 17:45:00,Max Frost,Be Who You Want to Be - EP Version,0.03978333333333333,March,28,Sunday,17,2021-03-28 00:00:00
2021-03-29 19:54:00,Arctic Monkeys,Riot Van,0.01788333333333333,March,29,Monday,19,2021-03-29 00:00:00
2021-03-29 19:54:00,Max Frost,Suspended Animation - EP Version,0.048,March,29,Monday,19,2021-03-29 00:00:00
2021-03-29 19:54:00,Arctic Monkeys,Suck It and See,0.006933333333333333,March,29,Monday,19,2021-03-29 00:00:00
2021-03-29 19:54:00,Arctic Monkeys,Cornerstone,0.63725,March,29,Monday,19,2021-03-29 00:00:00
2021-03-29 19:57:00,Arctic Monkeys,Riot Van,2.248883333333333,March,29,Monday,19,2021-03-29 00:00:00
2021-03-29 20:05:00,Arctic Monkeys,Suck It and See,2.59615,March,29,Monday,20,2021-03-29 00:00:00
2021-03-29 20:06:00,Arctic Monkeys,Suck It and See,1.1723166666666667,March,29,Monday,20,2021-03-29 00:00:00
2021-03-29 20:09:00,Arctic Monkeys,Mardy Bum,2.924,March,29,Monday,20,2021-03-29 00:00:00
2021-03-29 20:14:00,Arctic Monkeys,Dance Little Liar,4.7248833333333335,March,29,Monday,20,2021-03-29 00:00:00
2021-03-29 20:18:00,Arctic Monkeys,No. 1 Party Anthem,4.052183333333334,March,29,Monday,20,2021-03-29 00:00:00
2021-03-29 20:20:00,Arctic Monkeys,Piledriver Waltz,1.7184666666666668,March,29,Monday,20,2021-03-29 00:00:00
2021-03-29 20:24:00,Arctic Monkeys,No. 1 Party Anthem,4.052183333333334,March,29,Monday,20,2021-03-29 00:00:00
2021-03-29 20:27:00,Arctic Monkeys,Piledriver Waltz,3.398,March,29,Monday,20,2021-03-29 00:00:00
2021-03-29 20:30:00,Arctic Monkeys,Why'd You Only Call Me When You're High?,2.6853833333333332,March,29,Monday,20,2021-03-29 00:00:00
2021-03-29 20:33:00,Arctic Monkeys,The Bakery,2.942,March,29,Monday,20,2021-03-29 00:00:00
2021-03-29 20:36:00,Arctic Monkeys,Love is a Laserquest,3.190433333333333,March,29,Monday,20,2021-03-29 00:00:00
2021-03-29 20:39:00,Arctic Monkeys,Fluorescent Adolescent,3.0648833333333334,March,29,Monday,20,2021-03-29 00:00:00
2021-03-29 20:43:00,Arctic Monkeys,Secret Door,3.717766666666667,March,29,Monday,20,2021-03-29 00:00:00
2021-03-29 20:55:00,Arctic Monkeys,A Certain Romance,4.372283333333333,March,29,Monday,20,2021-03-29 00:00:00
2021-04-02 20:29:00,Arctic Monkeys,Do I Wanna Know?,0.121,April,2,Friday,20,2021-04-02 00:00:00
2021-04-15 16:59:00,Arctic Monkeys,No. 1 Party Anthem,4.052183333333334,April,15,Thursday,16,2021-04-15 00:00:00
2021-04-15 17:03:00,Arctic Monkeys,Suck It and See,3.766433333333333,April,15,Thursday,17,2021-04-15 00:00:00
2021-04-15 17:07:00,Arctic Monkeys,Fire And The Thud,3.958883333333333,April,15,Thursday,17,2021-04-15 00:00:00
2021-04-15 17:10:00,Arctic Monkeys,The Bakery,2.942,April,15,Thursday,17,2021-04-15 00:00:00
2021-04-15 17:13:00,Arctic Monkeys,Mardy Bum,2.924,April,15,Thursday,17,2021-04-15 00:00:00
2021-04-15 17:17:00,Arctic Monkeys,Snap Out Of It,1.0504666666666667,April,15,Thursday,17,2021-04-15 00:00:00
2021-04-15 17:20:00,Arctic Monkeys,Snap Out Of It,2.16725,April,15,Thursday,17,2021-04-15 00:00:00
2021-04-15 17:23:00,Arctic Monkeys,Love is a Laserquest,3.190433333333333,April,15,Thursday,17,2021-04-15 00:00:00
2021-04-15 17:27:00,Arctic Monkeys,Cornerstone,3.2995500000000004,April,15,Thursday,17,2021-04-15 00:00:00
2021-04-15 17:30:00,Arctic Monkeys,Too Much To Ask,3.0542166666666666,April,15,Thursday,17,2021-04-15 00:00:00
2021-04-15 17:33:00,Arctic Monkeys,No Buses,3.2886666666666664,April,15,Thursday,17,2021-04-15 00:00:00
2021-04-15 17:36:00,Arctic Monkeys,Mad Sounds,3.5835166666666667,April,15,Thursday,17,2021-04-15 00:00:00
2021-04-15 17:39:00,Arctic Monkeys,Reckless Serenade,2.7124333333333337,April,15,Thursday,17,2021-04-15 00:00:00
2021-04-15 17:43:00,Arctic Monkeys,Joining The Dots,3.316666666666667,April,15,Thursday,17,2021-04-15 00:00:00
2021-04-15 17:46:00,Arctic Monkeys,Only Ones Who Know,3.079333333333333,April,15,Thursday,17,2021-04-15 00:00:00
2021-04-15 17:48:00,Arctic Monkeys,Riot Van,2.248883333333333,April,15,Thursday,17,2021-04-15 00:00:00
2021-04-15 17:51:00,Arctic Monkeys,I Wanna Be Yours,3.065933333333333,April,15,Thursday,17,2021-04-15 00:00:00
2021-04-15 17:54:00,Arctic Monkeys,Piledriver Waltz,3.398,April,15,Thursday,17,2021-04-15 00:00:00
2021-04-15 17:58:00,Arctic Monkeys,Secret Door,3.717766666666667,April,15,Thursday,17,2021-04-15 00:00:00
2021-04-15 18:01:00,Arctic Monkeys,Fluorescent Adolescent,3.0648833333333334,April,15,Thursday,18,2021-04-15 00:00:00
2021-04-15 18:04:00,Arctic Monkeys,Bigger Boys and Stolen Sweethearts,3.0106666666666664,April,15,Thursday,18,2021-04-15 00:00:00
2021-04-15 18:06:00,Arctic Monkeys,Why'd You Only Call Me When You're High?,1.9191333333333334,April,15,Thursday,18,2021-04-15 00:00:00
2021-04-22 20:55:00,Elvin Bishop,Fooled Around And Fell In Love,0.034383333333333335,April,22,Thursday,20,2021-04-22 00:00:00
2021-04-22 20:55:00,Aretha Franklin,Day Dreaming,0.1616,April,22,Thursday,20,2021-04-22 00:00:00
2021-04-22 20:55:00,Fleetwood Mac,Dreams - 2004 Remaster,0.28104999999999997,April,22,Thursday,20,2021-04-22 00:00:00
2021-04-22 20:57:00,Gilbert O'Sullivan,Alone Again (Naturally),0.9300499999999999,April,22,Thursday,20,2021-04-22 00:00:00
2021-04-22 20:57:00,Elton John,Don't Go Breaking My Heart - Remastered,0.02555,April,22,Thursday,20,2021-04-22 00:00:00
2021-04-22 20:57:00,Elton John,I'm Still Standing - Remastered,0.0524,April,22,Thursday,20,2021-04-22 00:00:00
2021-04-22 20:57:00,Elton John,Your Song - Remastered,0.07156666666666665,April,22,Thursday,20,2021-04-22 00:00:00
2021-04-22 20:57:00,Elton John,Tiny Dancer,0.17033333333333334,April,22,Thursday,20,2021-04-22 00:00:00
2021-04-22 20:57:00,Elton John,Crocodile Rock - Remastered,0.06411666666666667,April,22,Thursday,20,2021-04-22 00:00:00
2021-04-22 21:01:00,Billy Joel,Uptown Girl,0.46066666666666667,April,22,Thursday,21,2021-04-22 00:00:00
2021-04-22 21:01:00,Elton John,Bennie And The Jets - Remastered,3.1544499999999998,April,22,Thursday,21,2021-04-22 00:00:00
2021-04-22 21:02:00,Billy Joel,She's Always a Woman,0.42195,April,22,Thursday,21,2021-04-22 00:00:00
2021-04-22 21:04:00,David Bowie,Heroes - 2017 Remaster,1.9479666666666666,April,22,Thursday,21,2021-04-22 00:00:00
2021-04-22 21:07:00,Lagum,Eu Não Valho Nada,3.2845999999999997,April,22,Thursday,21,2021-04-22 00:00:00
2021-04-22 21:10:00,Lagum,Não Vou Mentir,3.1306833333333333,April,22,Thursday,21,2021-04-22 00:00:00
2021-04-22 21:13:00,Lagum,Deixa (feat. Ana Gabriela),2.9337500000000003,April,22,Thursday,21,2021-04-22 00:00:00
2021-04-22 21:14:00,Konai,Infinito,0.9220833333333334,April,22,Thursday,21,2021-04-22 00:00:00
2021-04-22 21:14:00,Konai,Reino,0.6381,April,22,Thursday,21,2021-04-22 00:00:00
2021-04-22 21:18:00,Jorge Ben Jor,O Telefone Tocou Novamente,3.8157666666666668,April,22,Thursday,21,2021-04-22 00:00:00
2021-04-22 21:21:00,Marcelo D2,Desabafo / Deixa Eu Dizer,2.9277666666666664,April,22,Thursday,21,2021-04-22 00:00:00
2021-04-22 21:21:00,Tiago Iorc,Tempo Perdido (Versão Os Dias Eram Assim),0.18275,April,22,Thursday,21,2021-04-22 00:00:00
2021-04-22 21:21:00,Armandinho,Sol Loiro,0.05358333333333333,April,22,Thursday,21,2021-04-22 00:00:00
2021-04-22 21:22:00,Cássia Eller,O Segundo Sol,0.019666666666666666,April,22,Thursday,21,2021-04-22 00:00:00
2021-04-22 21:22:00,Gilsons,Várias Queixas,0.4557833333333334,April,22,Thursday,21,2021-04-22 00:00:00
2021-04-22 21:22:00,Pineapple StormTv,"Poetas no Topo 3.3, Pt. 2",0.029066666666666668,April,22,Thursday,21,2021-04-22 00:00:00
2021-04-22 21:22:00,50 Cent,21 Questions,0.0106,April,22,Thursday,21,2021-04-22 00:00:00
2021-04-22 21:22:00,Bhaskar,Manhã de Sol,0.03888333333333334,April,22,Thursday,21,2021-04-22 00:00:00
2021-04-22 21:22:00,O Rappa,Anjos (Pra quem tem fé),0.016366666666666665,April,22,Thursday,21,2021-04-22 00:00:00
2021-04-22 21:23:00,Jorge Ben & Toquinho,"Carolina, Carol Bela",1.2451166666666666,April,22,Thursday,21,2021-04-22 00:00:00
2021-04-22 21:23:00,Gang Starr,Work,0.022166666666666668,April,22,Thursday,21,2021-04-22 00:00:00
2021-04-22 21:23:00,Max Riser,Ladyfingers Lofi,0.039066666666666666,April,22,Thursday,21,2021-04-22 00:00:00
2021-04-22 21:24:00,flora cash,You're Somebody Else,0.11453333333333333,April,22,Thursday,21,2021-04-22 00:00:00
2021-04-22 21:30:00,Childish Gambino,Redbone,0.0253,April,22,Thursday,21,2021-04-22 00:00:00
2021-04-22 21:30:00,Childish Gambino,Redbone,0.013933333333333332,April,22,Thursday,21,2021-04-22 00:00:00
2021-04-22 21:30:00,Childish Gambino,Redbone,0.10165,April,22,Thursday,21,2021-04-22 00:00:00
2021-04-22 21:30:00,Childish Gambino,Redbone,0.0178,April,22,Thursday,21,2021-04-22 00:00:00
2021-04-22 21:30:00,Emicida,9nha (feat. Drik Barbosa),0.006849999999999999,April,22,Thursday,21,2021-04-22 00:00:00
2021-04-22 21:30:00,Charlie Brown Jr.,Como Tudo Deve Ser,0.2029,April,22,Thursday,21,2021-04-22 00:00:00
2021-04-22 21:30:00,Charlie Brown Jr.,Como Tudo Deve Ser,6.466283333333333,April,22,Thursday,21,2021-04-22 00:00:00
2021-04-22 21:30:00,Charlie Brown Jr.,Como Tudo Deve Ser,0.0070999999999999995,April,22,Thursday,21,2021-04-22 00:00:00
2021-04-22 21:30:00,Charlie Brown Jr.,Como Tudo Deve Ser,0.016900000000000002,April,22,Thursday,21,2021-04-22 00:00:00
2021-04-22 21:31:00,Childish Gambino,Redbone,0.023266666666666665,April,22,Thursday,21,2021-04-22 00:00:00
2021-04-22 21:33:00,Childish Gambino,Redbone,0.07766666666666668,April,22,Thursday,21,2021-04-22 00:00:00
2021-04-22 21:33:00,Childish Gambino,Redbone,0.024766666666666666,April,22,Thursday,21,2021-04-22 00:00:00
2021-04-22 21:33:00,flora cash,You're Somebody Else,0.02075,April,22,Thursday,21,2021-04-22 00:00:00
2021-04-22 21:33:00,Emicida,9nha (feat. Drik Barbosa),0.03266666666666666,April,22,Thursday,21,2021-04-22 00:00:00
2021-04-22 21:33:00,Charlie Brown Jr.,Como Tudo Deve Ser,1.95015,April,22,Thursday,21,2021-04-22 00:00:00
2021-04-22 21:33:00,Charlie Brown Jr.,Como Tudo Deve Ser,0.34125,April,22,Thursday,21,2021-04-22 00:00:00
2021-04-22 21:47:00,Charlie Brown Jr.,Como Tudo Deve Ser,8.85675,April,22,Thursday,21,2021-04-22 00:00:00
2021-04-22 21:54:00,Childish Gambino,Redbone,3.9207166666666664,April,22,Thursday,21,2021-04-22 00:00:00
2021-04-22 21:55:00,Emicida,9nha (feat. Drik Barbosa),1.0690666666666668,April,22,Thursday,21,2021-04-22 00:00:00
2021-04-22 21:58:00,Marcelo D2,Vai Vendo - Live,3.046,April,22,Thursday,21,2021-04-22 00:00:00
2021-04-22 22:00:00,Marcelo D2,(Claudio) Eu Tive Um Sonho - Live,2.5951,April,22,Thursday,22,2021-04-22 00:00:00
2021-04-22 22:04:00,Marcelo D2,1967 - Live,3.671683333333333,April,22,Thursday,22,2021-04-22 00:00:00
2021-04-22 22:05:00,Planet Hemp,Contexto - Ao Vivo,0.7501666666666666,April,22,Thursday,22,2021-04-22 00:00:00
2021-04-22 22:15:00,Pineapple StormTv,Poesia Acústica #6: Era uma Vez,9.630316666666666,April,22,Thursday,22,2021-04-22 00:00:00
2021-04-22 22:25:00,Vitão,Embrasa,3.5496666666666665,April,22,Thursday,22,2021-04-22 00:00:00
2021-04-23 13:37:00,Vitão,Embrasa,4.050333333333334,April,23,Friday,13,2021-04-23 00:00:00
2021-04-23 13:40:00,Pineapple StormTv,Você Não Ama Ninguém,2.1947166666666664,April,23,Friday,13,2021-04-23 00:00:00
2021-04-23 13:44:00,Matuê,Quem Manda É a 30,0.23548333333333332,April,23,Friday,13,2021-04-23 00:00:00
2021-04-23 13:44:00,Vitão,Te Liguei,3.9106,April,23,Friday,13,2021-04-23 00:00:00
2021-04-23 13:45:00,Oriente,"Linda, Louca e Mimada",0.7184,April,23,Friday,13,2021-04-23 00:00:00
2021-04-23 13:45:00,Xamã,Rio de Janê,0.1755,April,23,Friday,13,2021-04-23 00:00:00
2021-04-23 13:45:00,Vitão,Caderninho,0.35341666666666666,April,23,Friday,13,2021-04-23 00:00:00
2021-04-23 13:49:00,Pineapple StormTv,Você Não Ama Ninguém,0.2197,April,23,Friday,13,2021-04-23 00:00:00
2021-04-23 13:49:00,Vitão,Embrasa,4.050333333333334,April,23,Friday,13,2021-04-23 00:00:00
2021-04-23 13:56:00,Vitão,Te Liguei,6.382933333333333,April,23,Friday,13,2021-04-23 00:00:00
2021-04-23 14:00:00,Matuê,Quem Manda É a 30,4.283666666666666,April,23,Friday,14,2021-04-23 00:00:00
2021-04-23 14:13:00,Filipe Ret,Louco Pra Voltar,1.7533666666666667,April,23,Friday,14,2021-04-23 00:00:00
2021-04-23 14:52:00,Emicida,Boa Esperança,0.093,April,23,Friday,14,2021-04-23 00:00:00
2021-04-23 14:52:00,Emicida,Mandume,0.08816666666666667,April,23,Friday,14,2021-04-23 00:00:00
2021-04-23 14:55:00,Emicida,"Papel, Caneta e Coração",2.8551,April,23,Friday,14,2021-04-23 00:00:00
2021-04-23 14:55:00,Emicida,Hoje Cedo,0.07675000000000001,April,23,Friday,14,2021-04-23 00:00:00
2021-04-23 14:55:00,Emicida,Mandume,0.12413333333333335,April,23,Friday,14,2021-04-23 00:00:00
2021-04-23 14:59:00,Emicida,Mufete,3.976,April,23,Friday,14,2021-04-23 00:00:00
2021-04-23 15:04:00,Jorge Ben Jor,Que Pena (Ela Já Não Gosta Mais De Mim) - Ao Vivo,0.18434999999999999,April,23,Friday,15,2021-04-23 00:00:00
2021-04-23 15:04:00,Emicida,Mandume,1.1840000000000002,April,23,Friday,15,2021-04-23 00:00:00
2021-04-23 15:08:00,Jorge Ben Jor,"Oba, Lá Vem Ela",4.208433333333334,April,23,Friday,15,2021-04-23 00:00:00
2021-04-23 15:11:00,Jorge Ben Jor,Take It Easy My Brother Charles,2.5944333333333334,April,23,Friday,15,2021-04-23 00:00:00
2021-04-23 15:14:00,Jorge Ben Jor,"Mas, Que Nada!",2.9882166666666667,April,23,Friday,15,2021-04-23 00:00:00
2021-04-23 15:15:00,Jorge Ben Jor,País Tropical,0.034050000000000004,April,23,Friday,15,2021-04-23 00:00:00
2021-04-23 15:15:00,Jorge Ben Jor,Menina Mulher Da Pele Preta,1.8068666666666668,April,23,Friday,15,2021-04-23 00:00:00
2021-04-23 15:19:00,Jorge Ben Jor,Chove Chuva,3.0682166666666664,April,23,Friday,15,2021-04-23 00:00:00
2021-04-23 15:22:00,Jorge Ben Jor,O Telefone Tocou Novamente,3.8157666666666668,April,23,Friday,15,2021-04-23 00:00:00
2021-04-23 15:35:00,Jorge Ben Jor,Taj Mahal,3.11555,April,23,Friday,15,2021-04-23 00:00:00
2021-04-23 15:38:00,Jorge Ben Jor,Bebete Vãobora,2.59155,April,23,Friday,15,2021-04-23 00:00:00
2021-04-23 15:41:00,Jorge Ben Jor,Os Alquimistas Estão Chegando Os Alquimistas,3.254433333333333,April,23,Friday,15,2021-04-23 00:00:00
2021-04-23 15:44:00,Jorge Ben Jor,"Por Causa De Você, Menina",2.7844333333333333,April,23,Friday,15,2021-04-23 00:00:00
2021-04-23 15:45:00,Jorge Ben Jor,Filho Maravilha,1.2421166666666668,April,23,Friday,15,2021-04-23 00:00:00
2021-04-23 15:45:00,Jorge Ben Jor,Cadê Tereza,0.035050000000000005,April,23,Friday,15,2021-04-23 00:00:00
2021-04-23 15:46:00,Jorge Ben Jor,Ponta De Lança Africano,0.6746166666666666,April,23,Friday,15,2021-04-23 00:00:00
2021-04-23 15:48:00,Jorge Ben Jor,Tim Dom Dom,2.3271,April,23,Friday,15,2021-04-23 00:00:00
2021-04-23 15:52:00,Jorge Ben Jor,Ive Brussell (feat. Caetano Veloso),3.9706333333333332,April,23,Friday,15,2021-04-23 00:00:00
2021-04-23 15:57:00,Leo Gandelman,Pouca Pausa,5.521416666666667,April,23,Friday,15,2021-04-23 00:00:00
2021-04-23 16:01:00,Filipe Ret,A Libertina,2.802783333333333,April,23,Friday,16,2021-04-23 00:00:00
2021-04-23 16:05:00,Hungria Hip Hop,Cama de Casal,4.626416666666667,April,23,Friday,16,2021-04-23 00:00:00
2021-04-23 16:09:00,Vitão,Te Liguei,3.9106,April,23,Friday,16,2021-04-23 00:00:00
2021-04-23 16:14:00,Matuê,Quem Manda É a 30,4.283666666666666,April,23,Friday,16,2021-04-23 00:00:00
2021-04-23 16:14:00,Filipe Ret,Louco Pra Voltar,0.4122166666666667,April,23,Friday,16,2021-04-23 00:00:00
2021-04-23 23:15:00,Pineapple StormTv,Poesia Acústica #6: Era uma Vez,9.630316666666666,April,23,Friday,23,2021-04-23 00:00:00
2021-04-23 23:19:00,Vitão,Embrasa,4.050333333333334,April,23,Friday,23,2021-04-23 00:00:00
2021-04-23 23:24:00,Pineapple StormTv,Você Não Ama Ninguém,4.875,April,23,Friday,23,2021-04-23 00:00:00
2021-04-23 23:25:00,Gaab,Tem Café,0.17709999999999998,April,23,Friday,23,2021-04-23 00:00:00
2021-04-23 23:25:00,Mãolee,Senta Vai,0.5703166666666667,April,23,Friday,23,2021-04-23 00:00:00
2021-04-23 23:29:00,Vitão,Te Liguei,3.9106,April,23,Friday,23,2021-04-23 00:00:00
2021-04-23 23:33:00,Matuê,Quem Manda É a 30,4.283666666666666,April,23,Friday,23,2021-04-23 00:00:00
2021-04-23 23:36:00,Filipe Ret,Louco Pra Voltar,3.515716666666667,April,23,Friday,23,2021-04-23 00:00:00
2021-04-23 23:39:00,Gaab,Tem Café,2.0404833333333334,April,23,Friday,23,2021-04-23 00:00:00
2021-04-25 01:27:00,1Kilo,Você Vai Entender,4.833783333333333,April,25,Sunday,1,2021-04-25 00:00:00
2021-04-25 01:29:00,Konai,Infinito,2.6197166666666667,April,25,Sunday,1,2021-04-25 00:00:00
2021-04-25 01:31:00,Konai,Reino,1.4831333333333334,April,25,Sunday,1,2021-04-25 00:00:00
2021-04-25 01:34:00,Konai,4 Estações,2.7819999999999996,April,25,Sunday,1,2021-04-25 00:00:00
2021-04-25 01:34:00,Rael,Papo Reto - Acústico,0.40241666666666664,April,25,Sunday,1,2021-04-25 00:00:00
2021-04-25 01:37:00,Rael,Sangue de Free - Acústico,2.9624333333333337,April,25,Sunday,1,2021-04-25 00:00:00
2021-04-25 01:39:00,Rael,Terra - Acústico,2.3183333333333334,April,25,Sunday,1,2021-04-25 00:00:00
2021-04-25 01:51:00,Rael,Ser Feliz - Acústico,1.0047166666666667,April,25,Sunday,1,2021-04-25 00:00:00
2021-04-25 16:04:00,Rael,Ser Feliz - Acústico,2.6723500000000002,April,25,Sunday,16,2021-04-25 00:00:00
2021-04-25 16:08:00,Rashid,Coisas Dessa Vida,3.7952166666666667,April,25,Sunday,16,2021-04-25 00:00:00
2021-04-25 16:11:00,Haitam,Sétima Arte,3.028516666666667,April,25,Sunday,16,2021-04-25 00:00:00
2021-04-25 16:14:00,Rashid,Coisas Dessa Vida,3.7952166666666667,April,25,Sunday,16,2021-04-25 00:00:00
2021-04-25 16:15:00,Haitam,Sétima Arte,0.4086166666666667,April,25,Sunday,16,2021-04-25 00:00:00
2021-04-25 16:16:00,Lourena,Topo,0.8565666666666666,April,25,Sunday,16,2021-04-25 00:00:00
2021-04-25 16:20:00,Orgânico,Singular,4.45,April,25,Sunday,16,2021-04-25 00:00:00
2021-04-25 16:27:00,Pineapple StormTv,Poesia Acústica #3: Capricorniana,7.1716,April,25,Sunday,16,2021-04-25 00:00:00
2021-04-25 16:31:00,Orgânico,Novo Ciclo,3.7636166666666666,April,25,Sunday,16,2021-04-25 00:00:00
2021-04-25 16:35:00,Orgânico,Dizeres,4.294083333333333,April,25,Sunday,16,2021-04-25 00:00:00
2021-04-25 16:55:00,Delacruz,Poesia Acústica #2: Sobre Nós,6.79195,April,25,Sunday,16,2021-04-25 00:00:00
2021-04-26 14:20:00,Delacruz,Poesia Acústica #2: Sobre Nós,0.25965,April,26,Monday,14,2021-04-26 00:00:00
2021-04-26 14:24:00,Oriente,Mandona - Acústico,3.9999833333333332,April,26,Monday,14,2021-04-26 00:00:00
2021-04-26 14:28:00,Filipe Ret,Sessão do Descarrego,3.921766666666667,April,26,Monday,14,2021-04-26 00:00:00
2021-04-26 14:31:00,Xamã,Rio de Janê,2.7294,April,26,Monday,14,2021-04-26 00:00:00
2021-04-26 14:35:00,Filipe Ret,Louco Pra Voltar - 2.0,3.99605,April,26,Monday,14,2021-04-26 00:00:00
2021-04-26 14:38:00,Oriente,"Linda, Louca e Mimada",3.37695,April,26,Monday,14,2021-04-26 00:00:00
2021-04-26 14:44:00,Leo Gandelman,Pouca Pausa,5.521416666666667,April,26,Monday,14,2021-04-26 00:00:00
2021-04-26 14:47:00,Filipe Ret,A Libertina,2.802783333333333,April,26,Monday,14,2021-04-26 00:00:00
2021-04-26 14:51:00,Hungria Hip Hop,Cama de Casal,4.782,April,26,Monday,14,2021-04-26 00:00:00
2021-04-26 14:54:00,Chance the Rapper,Favorite Song,0.27466666666666667,April,26,Monday,14,2021-04-26 00:00:00
2021-04-26 14:54:00,Hungria Hip Hop,Beijo Com Trap,2.685483333333333,April,26,Monday,14,2021-04-26 00:00:00
2021-04-26 15:00:00,1Kilo,Duro Igual Concreto,5.0973999999999995,April,26,Monday,15,2021-04-26 00:00:00
2021-04-26 15:09:00,Pineapple StormTv,Poesia Acústica #6: Era uma Vez,9.630316666666666,April,26,Monday,15,2021-04-26 00:00:00
2021-04-26 15:13:00,Vitão,Embrasa,4.050333333333334,April,26,Monday,15,2021-04-26 00:00:00
2021-04-26 15:18:00,Pineapple StormTv,Você Não Ama Ninguém,4.875,April,26,Monday,15,2021-04-26 00:00:00
2021-04-26 15:22:00,Mãolee,Senta Vai,3.9548833333333335,April,26,Monday,15,2021-04-26 00:00:00
2021-04-26 15:27:00,Vitão,Te Liguei,3.9106,April,26,Monday,15,2021-04-26 00:00:00
2021-04-26 15:31:00,Matuê,Quem Manda É a 30,4.283666666666666,April,26,Monday,15,2021-04-26 00:00:00
2021-04-26 15:34:00,Gaab,Tem Café,0.054816666666666666,April,26,Monday,15,2021-04-26 00:00:00
2021-04-26 15:34:00,Filipe Ret,Louco Pra Voltar,3.20455,April,26,Monday,15,2021-04-26 00:00:00
2021-04-26 15:35:00,Mc Davi,Ela Tá Que Tá,1.1161333333333334,April,26,Monday,15,2021-04-26 00:00:00
2021-04-26 15:38:00,Vitão,Tá Foda,3.1588833333333333,April,26,Monday,15,2021-04-26 00:00:00
2021-04-26 15:42:00,Filipe Ret,Paradoxo Mítico,3.6592166666666666,April,26,Monday,15,2021-04-26 00:00:00
2021-04-26 15:45:00,Vitão,Café,3.1739,April,26,Monday,15,2021-04-26 00:00:00
2021-04-26 15:49:00,Papatinho,"Como ela vem (feat. Luccas Carlos, Xamã, PK e Orochi)",3.7230666666666665,April,26,Monday,15,2021-04-26 00:00:00
2021-04-26 15:57:00,Pineapple StormTv,Poesia Acústica #3: Capricorniana,7.1716,April,26,Monday,15,2021-04-26 00:00:00
2021-04-26 16:00:00,Vitão,Caderninho,3.6742166666666667,April,26,Monday,16,2021-04-26 00:00:00
2021-04-26 16:06:00,Vitão,"Céu Azul - Ao Vivo No Youtube Music Night, Rio De Janeiro / 2019",2.6745500000000004,April,26,Monday,16,2021-04-26 00:00:00
2021-04-27 23:03:00,Zeferina,São Jorge Guerreiro - Remix,0.4488333333333333,April,27,Tuesday,23,2021-04-27 00:00:00
2021-05-19 05:26:00,Vitão,Caderninho,3.6742166666666667,May,19,Wednesday,5,2021-05-19 00:00:00
2021-05-19 05:29:00,Vitão,"Céu Azul - Ao Vivo No Youtube Music Night, Rio De Janeiro / 2019",3.691666666666667,May,19,Wednesday,5,2021-05-19 00:00:00
2021-05-19 05:32:00,Vitão,"Clichê - Ao Vivo No Youtube Music Night, Rio De Janeiro / 2019",2.853333333333333,May,19,Wednesday,5,2021-05-19 00:00:00
2021-05-19 05:37:00,Matuê,Anos Luz,4.4005833333333335,May,19,Wednesday,5,2021-05-19 00:00:00
2021-05-19 05:40:00,Xamã,Luxúria,3.0885000000000002,May,19,Wednesday,5,2021-05-19 00:00:00
2021-05-19 05:43:00,Vitão,Caderninho,3.6742166666666667,May,19,Wednesday,5,2021-05-19 00:00:00
2021-05-19 05:48:00,Papatinho,"Sem convite (feat. MODÉ$TIA, MC Cabelinho e Yoka)",4.12835,May,19,Wednesday,5,2021-05-19 00:00:00
2021-05-19 05:51:00,BlakkStar,Vê Se Não Demora,3.265016666666667,May,19,Wednesday,5,2021-05-19 00:00:00
2021-05-19 05:54:00,IssoQueÉSomDeRap,3am,3.53485,May,19,Wednesday,5,2021-05-19 00:00:00
2021-05-19 05:55:00,Xamã,Monalisa,0.20856666666666665,May,19,Wednesday,5,2021-05-19 00:00:00
2021-05-19 05:58:00,Vitão,Te Liguei,3.9106,May,19,Wednesday,5,2021-05-19 00:00:00
2021-05-19 06:03:00,Matuê,Quem Manda É a 30,4.283666666666666,May,19,Wednesday,6,2021-05-19 00:00:00
2021-05-19 06:06:00,Filipe Ret,Louco Pra Voltar,3.515716666666667,May,19,Wednesday,6,2021-05-19 00:00:00
2021-05-19 06:11:00,Gaab,Tem Café,4.378116666666667,May,19,Wednesday,6,2021-05-19 00:00:00
2021-05-19 06:14:00,Mc Davi,Ela Tá Que Tá,3.44715,May,19,Wednesday,6,2021-05-19 00:00:00
2021-05-19 06:17:00,Vitão,Tá Foda,3.1588833333333333,May,19,Wednesday,6,2021-05-19 00:00:00
2021-05-19 06:21:00,Filipe Ret,Paradoxo Mítico,3.6592166666666666,May,19,Wednesday,6,2021-05-19 00:00:00
2021-05-19 06:24:00,Vitão,Café,3.1739,May,19,Wednesday,6,2021-05-19 00:00:00
2021-05-19 06:28:00,Papatinho,"Como ela vem (feat. Luccas Carlos, Xamã, PK e Orochi)",3.7230666666666665,May,19,Wednesday,6,2021-05-19 00:00:00
2021-05-19 06:35:00,Pineapple StormTv,Poesia Acústica #3: Capricorniana,7.1716,May,19,Wednesday,6,2021-05-19 00:00:00
2021-05-19 06:39:00,Vitão,Caderninho,3.6742166666666667,May,19,Wednesday,6,2021-05-19 00:00:00
2021-05-19 06:42:00,Vitão,"Céu Azul - Ao Vivo No Youtube Music Night, Rio De Janeiro / 2019",3.691666666666667,May,19,Wednesday,6,2021-05-19 00:00:00
2021-05-19 06:45:00,Vitão,"Clichê - Ao Vivo No Youtube Music Night, Rio De Janeiro / 2019",2.853333333333333,May,19,Wednesday,6,2021-05-19 00:00:00
2021-05-19 06:50:00,Matuê,Anos Luz,4.4005833333333335,May,19,Wednesday,6,2021-05-19 00:00:00
2021-05-19 06:53:00,Xamã,Luxúria,3.0885000000000002,May,19,Wednesday,6,2021-05-19 00:00:00
2021-05-19 06:57:00,Vitão,Caderninho,3.6742166666666667,May,19,Wednesday,6,2021-05-19 00:00:00
2021-05-19 07:01:00,Papatinho,"Sem convite (feat. MODÉ$TIA, MC Cabelinho e Yoka)",4.12835,May,19,Wednesday,7,2021-05-19 00:00:00
2021-05-19 07:04:00,BlakkStar,Vê Se Não Demora,3.265016666666667,May,19,Wednesday,7,2021-05-19 00:00:00
2021-05-19 07:07:00,IssoQueÉSomDeRap,3am,3.53485,May,19,Wednesday,7,2021-05-19 00:00:00
2021-05-19 07:10:00,Xamã,Monalisa,2.4838666666666667,May,19,Wednesday,7,2021-05-19 00:00:00
2021-05-19 07:26:00,1Kilo,De Love,0.09466666666666666,May,19,Wednesday,7,2021-05-19 00:00:00
2021-05-25 16:51:00,1Kilo,De Love,2.4682166666666663,May,25,Tuesday,16,2021-05-25 00:00:00
2021-05-26 15:59:00,Papatinho,"Como ela vem (feat. Luccas Carlos, Xamã, PK e Orochi)",3.7230666666666665,May,26,Wednesday,15,2021-05-26 00:00:00
2021-05-26 16:00:00,Papatinho,"Como ela vem (feat. Luccas Carlos, Xamã, PK e Orochi)",0.08245,May,26,Wednesday,16,2021-05-26 00:00:00
2021-05-26 16:00:00,Mãolee,Senta Vai,0.23296666666666666,May,26,Wednesday,16,2021-05-26 00:00:00
2021-05-26 16:00:00,Pineapple StormTv,Poesia Acústica #3: Capricorniana,0.28524999999999995,May,26,Wednesday,16,2021-05-26 00:00:00
2021-05-26 16:06:00,Papatinho,"Sem convite (feat. MODÉ$TIA, MC Cabelinho e Yoka)",2.9996666666666667,May,26,Wednesday,16,2021-05-26 00:00:00
2021-05-27 20:57:00,Vitão,Chamego,2.6315666666666666,May,27,Thursday,20,2021-05-27 00:00:00
2021-05-27 21:20:00,3030,Lunar - Acústico,0.18275,May,27,Thursday,21,2021-05-27 00:00:00
2021-05-28 20:15:00,Makalister,O Apanhador no Campo dos Desejos,0.2353333333333333,May,28,Friday,20,2021-05-28 00:00:00
2021-05-28 20:25:00,Pineapple StormTv,Poesia Acústica #6: Era uma Vez,9.630316666666666,May,28,Friday,20,2021-05-28 00:00:00
2021-05-28 20:30:00,Vitão,Embrasa,4.050333333333334,May,28,Friday,20,2021-05-28 00:00:00
2021-05-28 20:36:00,Pineapple StormTv,Você Não Ama Ninguém,6.913383333333333,May,28,Friday,20,2021-05-28 00:00:00
2021-05-28 20:40:00,Mãolee,Senta Vai,3.9548833333333335,May,28,Friday,20,2021-05-28 00:00:00
2021-05-28 20:44:00,Vitão,Te Liguei,3.9106,May,28,Friday,20,2021-05-28 00:00:00
2021-05-28 20:49:00,Matuê,Quem Manda É a 30,4.283666666666666,May,28,Friday,20,2021-05-28 00:00:00
2021-05-28 20:52:00,Filipe Ret,Louco Pra Voltar,3.515716666666667,May,28,Friday,20,2021-05-28 00:00:00
2021-05-28 20:57:00,Gaab,Tem Café,4.378116666666667,May,28,Friday,20,2021-05-28 00:00:00
2021-05-28 21:00:00,Mc Davi,Ela Tá Que Tá,3.44715,May,28,Friday,21,2021-05-28 00:00:00
2021-05-28 21:03:00,Vitão,Tá Foda,3.1588833333333333,May,28,Friday,21,2021-05-28 00:00:00
2021-05-28 21:06:00,Filipe Ret,Paradoxo Mítico,0.6453000000000001,May,28,Friday,21,2021-05-28 00:00:00
2021-05-28 21:09:00,Filipe Ret,Paradoxo Mítico,3.01495,May,28,Friday,21,2021-05-28 00:00:00
2021-05-28 21:12:00,Vitão,Café,3.1739,May,28,Friday,21,2021-05-28 00:00:00
2021-05-28 21:16:00,Papatinho,"Como ela vem (feat. Luccas Carlos, Xamã, PK e Orochi)",3.7230666666666665,May,28,Friday,21,2021-05-28 00:00:00
2021-05-28 21:22:00,Pineapple StormTv,Poesia Acústica #3: Capricorniana,2.6096999999999997,May,28,Friday,21,2021-05-28 00:00:00
2021-05-31 20:59:00,1Kilo,De Love,1.5681833333333333,May,31,Monday,20,2021-05-31 00:00:00
2021-05-31 21:03:00,BK,Planos,3.6555666666666666,May,31,Monday,21,2021-05-31 00:00:00
2021-05-31 21:07:00,A Banca Records,Outro Dia,3.8754,May,31,Monday,21,2021-05-31 00:00:00
2021-05-31 21:10:00,Orochi,Na Onda,3.3230666666666666,May,31,Monday,21,2021-05-31 00:00:00
2021-05-31 21:13:00,Mac Júlia,Jogo Sujo,3.428633333333333,May,31,Monday,21,2021-05-31 00:00:00
2021-05-31 21:18:00,Felp 22,Linda e Doida,1.3689500000000001,May,31,Monday,21,2021-05-31 00:00:00
2021-06-04 01:19:00,Djonga,Procuro Alguém (prod. Coyote Beatz),3.5663833333333335,June,4,Friday,1,2021-06-04 00:00:00
2021-06-04 01:21:00,Baco Exu do Blues,Ela É Gostosa Pra Caralho,0.9995999999999999,June,4,Friday,1,2021-06-04 00:00:00
2021-06-04 01:24:00,Djonga,Procuro Alguém (prod. Coyote Beatz),3.5663833333333335,June,4,Friday,1,2021-06-04 00:00:00
2021-06-04 01:25:00,Baco Exu do Blues,Ela É Gostosa Pra Caralho,0.9745833333333334,June,4,Friday,1,2021-06-04 00:00:00
2021-06-04 01:26:00,Mc Magrinho,Pumba la Pumba,0.35206666666666664,June,4,Friday,1,2021-06-04 00:00:00
2021-06-04 01:26:00,Djonga,Todo Errado (prod. Coyote Beatz),0.6696166666666666,June,4,Friday,1,2021-06-04 00:00:00
2021-06-04 01:30:00,Djonga,Todo Errado (prod. Coyote Beatz),3.2933333333333334,June,4,Friday,1,2021-06-04 00:00:00
2021-06-04 01:33:00,Djonga,Gelo (prod. Coyote Beatz),3.289283333333333,June,4,Friday,1,2021-06-04 00:00:00
2021-06-04 01:37:00,Djonga,Hoje Não (prod. Coyote Beatz),3.6696833333333334,June,4,Friday,1,2021-06-04 00:00:00
2021-06-04 01:40:00,Djonga,Mania (prod. Coyote Beatz),3.112,June,4,Friday,1,2021-06-04 00:00:00
2021-06-04 01:43:00,Djonga,Procuro Alguém (prod. Coyote Beatz),3.5663833333333335,June,4,Friday,1,2021-06-04 00:00:00
2021-06-04 01:47:00,Djonga,Deus Dará (prod. Coyote Beatz),3.802,June,4,Friday,1,2021-06-04 00:00:00
2021-06-04 01:47:00,Djonga,Amr Sinto Falta da Nssa Ksa (prod. Renan Samam),0.07353333333333333,June,4,Friday,1,2021-06-04 00:00:00
2021-06-04 01:48:00,Djonga,Deus Dará (prod. Coyote Beatz),0.11533333333333333,June,4,Friday,1,2021-06-04 00:00:00
2021-06-04 01:51:00,Cristal,Ambição,0.438,June,4,Friday,1,2021-06-04 00:00:00
2021-06-04 02:06:00,Cristal,Ambição,2.703883333333333,June,4,Friday,2,2021-06-04 00:00:00
2021-06-04 02:09:00,TyCaçula,2 conto / Grammy,2.9767333333333337,June,4,Friday,2,2021-06-04 00:00:00
2021-06-04 02:12:00,L7NNON,DA BOCA,3.059366666666667,June,4,Friday,2,2021-06-04 00:00:00
2021-06-04 02:16:00,Papasessions,Geribá (Papasessions #8) [feat. OIK],3.7096,June,4,Friday,2,2021-06-04 00:00:00
2021-06-04 02:24:00,Delacruz,Poesia Acústica #2: Sobre Nós,7.862783333333334,June,4,Friday,2,2021-06-04 00:00:00
2021-06-04 02:28:00,Mãolee,Mnb Quase Acústico #5 - Qual Vai?,4.45,June,4,Friday,2,2021-06-04 00:00:00
2021-06-04 02:31:00,BIN,Saturno,3.1157833333333333,June,4,Friday,2,2021-06-04 00:00:00
2021-06-04 02:43:00,Pineapple StormTv,Poesia Acústica 10: Recomeçar,11.380266666666667,June,4,Friday,2,2021-06-04 00:00:00
2021-06-04 02:49:00,Pineapple StormTv,Poesia Acústica Ep. Tbt,2.6273833333333334,June,4,Friday,2,2021-06-04 00:00:00
2021-06-04 03:09:00,Pineapple StormTv,Poesia Acústica Ep. Tbt,4.9552000000000005,June,4,Friday,3,2021-06-04 00:00:00
2021-06-04 03:12:00,Katari SC,Meu Vício,2.698783333333333,June,4,Friday,3,2021-06-04 00:00:00
2021-06-04 03:16:00,L7NNON,Probleminha Diário (Papasessions #7),4.09375,June,4,Friday,3,2021-06-04 00:00:00
2021-06-04 03:26:00,Pineapple StormTv,Poesia Acústica #9: Melhor Forma,10.1846,June,4,Friday,3,2021-06-04 00:00:00
2021-06-04 03:36:00,Pineapple StormTv,Poesia Acústica #6: Era uma Vez,9.630316666666666,June,4,Friday,3,2021-06-04 00:00:00
2021-06-04 03:40:00,Oriente,Mandona - Acústico,3.9999833333333332,June,4,Friday,3,2021-06-04 00:00:00
2021-06-04 03:44:00,Pineapple StormTv,Poesia Acústica Ep. Acabou,4.5,June,4,Friday,3,2021-06-04 00:00:00
2021-06-04 03:54:00,Pineapple StormTv,Poesia Acústica #7: Céu Azul,9.533966666666666,June,4,Friday,3,2021-06-04 00:00:00
2021-06-04 04:00:00,Pineapple StormTv,Poesia Acústica #3: Capricorniana,1.311,June,4,Friday,4,2021-06-04 00:00:00
2021-06-15 09:00:00,Tropa do Bruxo,Oclin e Evoque,0.36933333333333335,June,15,Tuesday,9,2021-06-15 00:00:00
2021-06-17 01:50:00,Arctic Monkeys,Only Ones Who Know,3.079333333333333,June,17,Thursday,1,2021-06-17 00:00:00
2021-06-17 01:51:00,Arctic Monkeys,Riot Van,0.21585000000000001,June,17,Thursday,1,2021-06-17 00:00:00
2021-06-17 01:52:00,Arctic Monkeys,No. 1 Party Anthem,1.8075833333333333,June,17,Thursday,1,2021-06-17 00:00:00
2021-06-17 01:56:00,Michael Kiwanuka,Sometimes I Feel Like a Motherless Child,3.5651,June,17,Thursday,1,2021-06-17 00:00:00
2021-06-17 01:59:00,Sharon Van Etten,The End of the World,3.01065,June,17,Thursday,1,2021-06-17 00:00:00
2021-06-17 02:01:00,Angel Olsen,Who's Sorry Now,2.3168833333333336,June,17,Thursday,2,2021-06-17 00:00:00
2021-06-17 02:04:00,Curtis Harding,Lead Me On,2.634,June,17,Thursday,2,2021-06-17 00:00:00
2021-06-17 02:07:00,Andrew VanWyngarden,Nature Boy,2.705766666666667,June,17,Thursday,2,2021-06-17 00:00:00
2021-06-17 02:10:00,Grandaddy,Love Hurts,3.369333333333333,June,17,Thursday,2,2021-06-17 00:00:00
2021-06-17 02:13:00,Big Search,Lonely Mound of Clay,3.2426666666666666,June,17,Thursday,2,2021-06-17 00:00:00
2021-06-17 02:16:00,Karen O,Living in a Trance,3.0495500000000004,June,17,Thursday,2,2021-06-17 00:00:00
2021-06-17 02:28:00,Kelis,Who's Lovin' You,1.031,June,17,Thursday,2,2021-06-17 00:00:00
2021-06-21 09:16:00,Rael,Passiflora,2.8671,June,21,Monday,9,2021-06-21 00:00:00
2021-06-21 09:20:00,Orgânico,Fim de Tarde,4.774766666666666,June,21,Monday,9,2021-06-21 00:00:00
2021-06-21 09:21:00,Cynthia Luz,Ilusão,0.02885,June,21,Monday,9,2021-06-21 00:00:00
2021-06-21 09:21:00,Cynthia Luz,Ilusão,0.20893333333333333,June,21,Monday,9,2021-06-21 00:00:00
2021-06-21 09:21:00,Felipe Araújo,Amando Individual,0.11601666666666667,June,21,Monday,9,2021-06-21 00:00:00
2021-06-21 09:26:00,Orgânico,Fim de Tarde,5.454883333333333,June,21,Monday,9,2021-06-21 00:00:00
2021-06-21 09:29:00,Cynthia Luz,Ilusão,3.02115,June,21,Monday,9,2021-06-21 00:00:00
2021-06-21 09:30:00,Felipe Araújo,Amando Individual,1.2332333333333334,June,21,Monday,9,2021-06-21 00:00:00
2021-06-21 09:33:00,DJ Overule,Feli(z)cidade,2.132433333333333,June,21,Monday,9,2021-06-21 00:00:00
2021-06-21 09:37:00,Sidoka,Culpado,4.002766666666667,June,21,Monday,9,2021-06-21 00:00:00
2021-06-21 09:40:00,Duda Raupp,Janelas,3.425,June,21,Monday,9,2021-06-21 00:00:00
2021-06-21 09:43:00,LetoDie,Dois Gumes,2.5437999999999996,June,21,Monday,9,2021-06-21 00:00:00
2021-06-21 09:43:00,LetoDie,Dois Gumes,0.043000000000000003,June,21,Monday,9,2021-06-21 00:00:00
2021-06-21 09:43:00,Dfideliz,Baila Baby,0.11233333333333334,June,21,Monday,9,2021-06-21 00:00:00
2021-06-21 09:43:00,Dfideliz,Baila Baby,0.5416500000000001,June,21,Monday,9,2021-06-21 00:00:00
2021-06-21 09:45:00,Céu,Véu da Noite,2.1103833333333335,June,21,Monday,9,2021-06-21 00:00:00
2021-06-21 09:48:00,3030,Alma de Cigana - Acústico,2.4883666666666664,June,21,Monday,9,2021-06-21 00:00:00
2021-06-21 09:49:00,Delacruz,Romântico 90,0.8807166666666667,June,21,Monday,9,2021-06-21 00:00:00
2021-06-21 09:49:00,GS O Rei do Beat,Beat do Kenny G - Remix,0.37215000000000004,June,21,Monday,9,2021-06-21 00:00:00
2021-06-21 09:51:00,Rodrigo Cartier,Fora da Caixa - Sem Parar,1.115,June,21,Monday,9,2021-06-21 00:00:00
2021-06-21 09:53:00,Motörhead,"Stay Clean (Sound check at Newcastle City Hall, 30/3/1981)",2.6558333333333333,June,21,Monday,9,2021-06-21 00:00:00
2021-06-21 09:58:00,Dire Straits,Southbound Again - Live,4.667633333333333,June,21,Monday,9,2021-06-21 00:00:00
2021-06-21 10:02:00,Big Wreck,Middle of Nowhere (feat. Chad Kroeger),4.000233333333333,June,21,Monday,10,2021-06-21 00:00:00
2021-06-21 10:13:00,Prettos,Agora viu que perdeu e chora - Dor de amor - O show tem que continuar - Ao Vivo,7.626216666666666,June,21,Monday,10,2021-06-21 00:00:00
2021-06-21 10:17:00,Charlie Brown Jr.,Só os Loucos Sabem - Ao Vivo - Chegou Quem Faltava,2.2677666666666667,June,21,Monday,10,2021-06-21 00:00:00
2021-06-21 10:42:00,Pineapple StormTv,Eu Não Sou Tão Bom Assim,3.8864333333333336,June,21,Monday,10,2021-06-21 00:00:00
2021-06-21 10:48:00,Seu Pereira e Coletivo 401,Eu Não Sou Boa Influência pra Você,4.668433333333334,June,21,Monday,10,2021-06-21 00:00:00
2021-06-21 10:53:00,Seu Pereira e Coletivo 401,Otário,0.38388333333333335,June,21,Monday,10,2021-06-21 00:00:00
2021-06-21 10:55:00,Delacruz,Eu Não Sou Tão Bom Assim - Ao Vivo,2.283933333333333,June,21,Monday,10,2021-06-21 00:00:00
2021-06-21 10:57:00,Delacruz,Eu Não Sou Tão Bom Assim - Ao Vivo,2.0464666666666664,June,21,Monday,10,2021-06-21 00:00:00
2021-06-21 11:01:00,Pineapple StormTv,Eu Não Sou Tão Bom Assim,4.0421000000000005,June,21,Monday,11,2021-06-21 00:00:00
2021-06-21 11:05:00,Vitão,Te Liguei,3.9106,June,21,Monday,11,2021-06-21 00:00:00
2021-06-21 11:09:00,Filipe Ret,Paradoxo Mítico,3.6592166666666666,June,21,Monday,11,2021-06-21 00:00:00
2021-06-21 11:13:00,Vitão,Embrasa,4.050333333333334,June,21,Monday,11,2021-06-21 00:00:00
2021-06-21 11:17:00,Flora Matos,Como Faz - Acústico,3.5974833333333334,June,21,Monday,11,2021-06-21 00:00:00
2021-06-21 11:20:00,Flora Matos,Preta de Quebrada,3.449116666666667,June,21,Monday,11,2021-06-21 00:00:00
2021-06-21 11:23:00,Flora Matos,"Pretin (Verão, Pt. 1)",2.4577666666666667,June,21,Monday,11,2021-06-21 00:00:00
2021-06-21 11:26:00,Flora Matos,Bora Dançar,3.7378666666666667,June,21,Monday,11,2021-06-21 00:00:00
2021-06-21 11:35:00,Djonga,LEAL,1.8959000000000001,June,21,Monday,11,2021-06-21 00:00:00
2021-06-21 11:55:00,Pineapple StormTv,Eu Não Sou Tão Bom Assim,3.0916,June,21,Monday,11,2021-06-21 00:00:00
2021-06-21 11:59:00,Pineapple StormTv,Eu Não Sou Tão Bom Assim,4.0421000000000005,June,21,Monday,11,2021-06-21 00:00:00
2021-06-21 12:02:00,Djonga,LEAL,3.544166666666667,June,21,Monday,12,2021-06-21 00:00:00
2021-06-21 12:06:00,Djonga,Olho de Tigre,3.9680000000000004,June,21,Monday,12,2021-06-21 00:00:00
2021-06-21 12:09:00,Djonga,Geminiano,2.9219500000000003,June,21,Monday,12,2021-06-21 00:00:00
2021-06-21 12:13:00,Pineapple StormTv,Obstinado,4.192,June,21,Monday,12,2021-06-21 00:00:00
2021-06-21 12:27:00,Filipe Ret,Invicto,0.14913333333333334,June,21,Monday,12,2021-06-21 00:00:00
2021-06-21 14:23:00,Pineapple StormTv,Eu Não Sou Tão Bom Assim,4.0421000000000005,June,21,Monday,14,2021-06-21 00:00:00
2021-06-21 14:28:00,Vitão,Te Liguei,3.7004,June,21,Monday,14,2021-06-21 00:00:00
2021-06-21 14:32:00,Pineapple StormTv,Eu Não Sou Tão Bom Assim,4.0421000000000005,June,21,Monday,14,2021-06-21 00:00:00
2021-06-21 14:36:00,Vitão,Te Liguei,3.9106,June,21,Monday,14,2021-06-21 00:00:00
2021-06-21 14:39:00,Oriente,Mandona - Acústico,0.07958333333333334,June,21,Monday,14,2021-06-21 00:00:00
2021-06-21 14:39:00,Pineapple StormTv,Eu Não Sou Tão Bom Assim,0.03618333333333333,June,21,Monday,14,2021-06-21 00:00:00
2021-06-21 14:39:00,Filipe Ret,Paradoxo Mítico,3.3440833333333333,June,21,Monday,14,2021-06-21 00:00:00
2021-06-21 14:43:00,Pineapple StormTv,Eu Não Sou Tão Bom Assim,4.0421000000000005,June,21,Monday,14,2021-06-21 00:00:00
2021-06-21 14:45:00,Filipe Ret,Louco Pra Voltar - 2.0,1.6806833333333333,June,21,Monday,14,2021-06-21 00:00:00
2021-06-21 14:48:00,Rael,Envolvidão,0.039,June,21,Monday,14,2021-06-21 00:00:00
2021-06-21 23:26:00,1Kilo,De Love,0.56045,June,21,Monday,23,2021-06-21 00:00:00
2021-06-21 23:29:00,Dreicon,Você Tem,2.7430499999999998,June,21,Monday,23,2021-06-21 00:00:00
2021-06-21 23:32:00,Dreicon,Você Tem,2.7430499999999998,June,21,Monday,23,2021-06-21 00:00:00
2021-06-21 23:34:00,Dreicon,Você Tem,2.7430499999999998,June,21,Monday,23,2021-06-21 00:00:00
2021-06-21 23:37:00,Dreicon,Você Tem,2.7430499999999998,June,21,Monday,23,2021-06-21 00:00:00
2021-06-21 23:40:00,Dreicon,Você Tem,2.7430499999999998,June,21,Monday,23,2021-06-21 00:00:00
2021-06-21 23:43:00,Dreicon,Você Tem,2.7430499999999998,June,21,Monday,23,2021-06-21 00:00:00
2021-06-21 23:43:00,Dreicon,Você Tem,0.17600000000000002,June,21,Monday,23,2021-06-21 00:00:00
2021-06-21 23:44:00,Cristal,Ambição,0.8622666666666666,June,21,Monday,23,2021-06-21 00:00:00
2021-06-21 23:48:00,Pineapple StormTv,Poesia Acústica Ep. Acabou,0.20633333333333334,June,21,Monday,23,2021-06-21 00:00:00
2021-06-22 00:19:00,Pineapple StormTv,Poesia Acústica Ep. Acabou,1.5980999999999999,June,22,Tuesday,0,2021-06-22 00:00:00
2021-06-25 14:22:00,Foo Fighters,Making A Fire - Mark Ronson Re-Version,0.5351666666666667,June,25,Friday,14,2021-06-25 00:00:00
2021-06-25 14:26:00,Pineapple StormTv,Eu Não Sou Tão Bom Assim,4.0421000000000005,June,25,Friday,14,2021-06-25 00:00:00
2021-06-25 14:30:00,Vitão,Te Liguei,3.9106,June,25,Friday,14,2021-06-25 00:00:00
2021-06-25 14:34:00,Filipe Ret,Paradoxo Mítico,3.6592166666666666,June,25,Friday,14,2021-06-25 00:00:00
2021-06-25 14:38:00,Vitão,Embrasa,4.050333333333334,June,25,Friday,14,2021-06-25 00:00:00
2021-06-25 14:41:00,Flora Matos,Como Faz - Acústico,2.6455833333333336,June,25,Friday,14,2021-06-25 00:00:00
2021-06-25 14:44:00,Flora Matos,Preta de Quebrada,3.449116666666667,June,25,Friday,14,2021-06-25 00:00:00
2021-06-25 14:46:00,Flora Matos,"Pretin (Verão, Pt. 1)",2.4577666666666667,June,25,Friday,14,2021-06-25 00:00:00
2021-06-25 14:58:00,Flora Matos,Bora Dançar,1.9724333333333335,June,25,Friday,14,2021-06-25 00:00:00
2021-06-25 15:18:00,Pineapple StormTv,Você Não Ama Ninguém,3.2356666666666665,June,25,Friday,15,2021-06-25 00:00:00
2021-06-25 15:21:00,Tiago Iorc,Forasteiro,2.8168833333333336,June,25,Friday,15,2021-06-25 00:00:00
2021-06-25 15:24:00,Kiko Dinucci,Padê Onã,3.2737666666666665,June,25,Friday,15,2021-06-25 00:00:00
2021-06-25 15:26:00,Los Sebosos Postizos,O Telefone Tocou Novamente,1.6472166666666666,June,25,Friday,15,2021-06-25 00:00:00
2021-06-25 15:26:00,Vitor Kley,A Cura,0.08118333333333334,June,25,Friday,15,2021-06-25 00:00:00
2021-06-25 15:26:00,Russo Passapusso,Anjo,0.07183333333333333,June,25,Friday,15,2021-06-25 00:00:00
2021-06-25 15:27:00,Otto,It's Me,0.3720666666666667,June,25,Friday,15,2021-06-25 00:00:00
2021-06-25 15:30:00,Djonga,LEAL,3.544166666666667,June,25,Friday,15,2021-06-25 00:00:00
2021-06-25 15:39:00,Pineapple StormTv,Poesia Acústica #4: Todo Mundo Odeia Acústico,8.4247,June,25,Friday,15,2021-06-25 00:00:00
2021-06-25 15:48:00,Pineapple StormTv,Poesia Acústica #6: Era uma Vez,9.630316666666666,June,25,Friday,15,2021-06-25 00:00:00
2021-06-25 15:51:00,Gaab,Preservê,2.4792833333333335,June,25,Friday,15,2021-06-25 00:00:00
2021-06-25 15:55:00,Oriente,Mandona - Acústico,3.9999833333333332,June,25,Friday,15,2021-06-25 00:00:00
2021-06-25 15:59:00,Oriente,Praia do Rosa - Acústico,4.275383333333334,June,25,Friday,15,2021-06-25 00:00:00
2021-06-25 16:04:00,Pineapple StormTv,Você Não Ama Ninguém,4.875,June,25,Friday,16,2021-06-25 00:00:00
2021-06-25 16:14:00,Pineapple StormTv,Poesia Acústica #7: Céu Azul,9.533966666666666,June,25,Friday,16,2021-06-25 00:00:00
2021-06-25 16:17:00,IGOR,Gabriela,3.0811333333333333,June,25,Friday,16,2021-06-25 00:00:00
2021-06-25 16:20:00,Projota,Sei Lá,3.1727166666666666,June,25,Friday,16,2021-06-25 00:00:00
2021-06-25 16:24:00,Filipe Ret,Louco Pra Voltar - 2.0,3.99605,June,25,Friday,16,2021-06-25 00:00:00
2021-06-25 16:26:00,Xamã,Monalisa,2.4838666666666667,June,25,Friday,16,2021-06-25 00:00:00
2021-06-25 16:30:00,Pineapple StormTv,Poesia Acústica Uruguay,4.08695,June,25,Friday,16,2021-06-25 00:00:00
2021-06-25 16:35:00,Matuê,Anos Luz,4.097766666666667,June,25,Friday,16,2021-06-25 00:00:00
2021-07-24 03:55:00,Scott Bradlee's Postmodern Jukebox,Creep,4.720983333333334,July,24,Saturday,3,2021-07-24 00:00:00
2021-07-24 03:59:00,Scott Bradlee's Postmodern Jukebox,Seven Nation Army,4.1010333333333335,July,24,Saturday,3,2021-07-24 00:00:00
2021-07-24 04:00:00,Scott Bradlee's Postmodern Jukebox,Lovefool,1.0966833333333335,July,24,Saturday,4,2021-07-24 00:00:00
2021-07-24 04:04:00,Ben Webster,When Your Lover Has Gone - Digitally Remastered,3.945883333333333,July,24,Saturday,4,2021-07-24 00:00:00
2021-07-24 04:09:00,Coleman Hawkins,You'd Be So Nice To Come Home To,4.260433333333333,July,24,Saturday,4,2021-07-24 00:00:00
2021-07-24 04:13:00,Kenny Burrell,Midnight Blue - Remastered,4.0391,July,24,Saturday,4,2021-07-24 00:00:00
2021-07-24 04:17:00,Harvey Mandel,Christo Redentor,3.8131,July,24,Saturday,4,2021-07-24 00:00:00
2021-07-24 04:22:00,The Eddie Higgins Trio,ムーンライト・ビカムズ・ユー,5.111766666666667,July,24,Saturday,4,2021-07-24 00:00:00
2021-07-24 04:23:00,Ella Fitzgerald,All Of You,1.7393333333333334,July,24,Saturday,4,2021-07-24 00:00:00
2021-07-24 04:31:00,Eddie Henderson,After You've Gone,7.070716666666667,July,24,Saturday,4,2021-07-24 00:00:00
2021-07-24 04:34:00,John Coltrane,After The Rain,3.8056666666666668,July,24,Saturday,4,2021-07-24 00:00:00
2021-07-24 04:37:00,Scott Bradlee's Postmodern Jukebox,Perfect Duet,2.71145,July,24,Saturday,4,2021-07-24 00:00:00
2021-07-24 04:44:00,Hubert Sumlin,Sometimes I'm Right,7.159083333333333,July,24,Saturday,4,2021-07-24 00:00:00
2021-07-24 04:49:00,Freddy Cole,This Time I'm Gone for Good,4.982216666666667,July,24,Saturday,4,2021-07-24 00:00:00
2021-07-24 04:56:00,Luther Johnson,Lonesome In My Bedroom,6.426666666666667,July,24,Saturday,4,2021-07-24 00:00:00
2021-07-24 05:01:00,John Lee Hooker,Annie Mae,5.328216666666666,July,24,Saturday,5,2021-07-24 00:00:00
2021-07-24 05:06:00,Sam Myers,I Got The Blues,4.792883333333333,July,24,Saturday,5,2021-07-24 00:00:00
2021-07-24 05:11:00,Melvin Taylor,I 'll Play the Blues for You,5.28555,July,24,Saturday,5,2021-07-24 00:00:00
2021-07-24 05:17:00,Natalia M. King,I Need To See You Again,6.37,July,24,Saturday,5,2021-07-24 00:00:00
2021-07-24 05:25:00,Big Daddy Wilson,Walk A Mile In My Shoes - Live,7.625933333333333,July,24,Saturday,5,2021-07-24 00:00:00
2021-07-25 13:48:00,Big Daddy Wilson,Walk A Mile In My Shoes - Live,0.32816666666666666,July,25,Sunday,13,2021-07-25 00:00:00
2021-07-25 13:53:00,Scott Bradlee's Postmodern Jukebox,Creep,4.720983333333334,July,25,Sunday,13,2021-07-25 00:00:00
2021-07-25 13:57:00,Scott Bradlee's Postmodern Jukebox,Seven Nation Army,2.3945833333333337,July,25,Sunday,13,2021-07-25 00:00:00
2021-07-25 13:58:00,Tape Five,Bad Boy Good Man - Aerophon Mix,0.3125833333333333,July,25,Sunday,13,2021-07-25 00:00:00
2021-07-25 14:08:00,Pomplamoose,Bust Your Knee Caps - Johnny Don't Leave Me,0.706,July,25,Sunday,14,2021-07-25 00:00:00
2021-07-25 16:54:00,Scott Bradlee's Postmodern Jukebox,Mad World,3.3,July,25,Sunday,16,2021-07-25 00:00:00
2021-07-25 17:02:00,Scott Bradlee's Postmodern Jukebox,Habits,3.597766666666667,July,25,Sunday,17,2021-07-25 00:00:00
2021-07-25 17:06:00,Scott Bradlee's Postmodern Jukebox,All About That Bass,3.6416666666666666,July,25,Sunday,17,2021-07-25 00:00:00
2021-07-25 17:10:00,Scott Bradlee's Postmodern Jukebox,Are You Gonna Be My Girl,3.5437333333333334,July,25,Sunday,17,2021-07-25 00:00:00
2021-07-25 17:13:00,Scott Bradlee's Postmodern Jukebox,Careless Whisper,3.7054166666666664,July,25,Sunday,17,2021-07-25 00:00:00
2021-07-25 17:18:00,Scott Bradlee's Postmodern Jukebox,Dream On,4.970833333333333,July,25,Sunday,17,2021-07-25 00:00:00
2021-07-25 17:22:00,Scott Bradlee's Postmodern Jukebox,We Can't Stop,3.990016666666667,July,25,Sunday,17,2021-07-25 00:00:00
2021-07-25 17:26:00,Scott Bradlee's Postmodern Jukebox,Oops!... I Did It Again,3.5364500000000003,July,25,Sunday,17,2021-07-25 00:00:00
2021-07-25 17:30:00,Scott Bradlee's Postmodern Jukebox,Titanium,3.9479166666666665,July,25,Sunday,17,2021-07-25 00:00:00
2021-07-25 17:33:00,Scott Bradlee's Postmodern Jukebox,Call Me Maybe,2.91075,July,25,Sunday,17,2021-07-25 00:00:00
2021-07-25 17:36:00,Scott Bradlee's Postmodern Jukebox,Stay With Me,3.1881833333333334,July,25,Sunday,17,2021-07-25 00:00:00
2021-07-25 17:41:00,Scott Bradlee's Postmodern Jukebox,Mr. Blue Sky,4.805666666666666,July,25,Sunday,17,2021-07-25 00:00:00
2021-07-25 17:58:00,Scott Bradlee's Postmodern Jukebox,Burn,3.2821833333333337,July,25,Sunday,17,2021-07-25 00:00:00
2021-07-26 14:10:00,Scott Bradlee's Postmodern Jukebox,Burn,0.29905000000000004,July,26,Monday,14,2021-07-26 00:00:00
2021-07-26 14:19:00,Scott Bradlee's Postmodern Jukebox,Mr. Blue Sky,0.007333333333333333,July,26,Monday,14,2021-07-26 00:00:00
2021-07-26 14:54:00,Scott Bradlee's Postmodern Jukebox,Mr. Blue Sky,4.800483333333333,July,26,Monday,14,2021-07-26 00:00:00
2021-07-26 14:58:00,Scott Bradlee's Postmodern Jukebox,Burn,3.8937666666666666,July,26,Monday,14,2021-07-26 00:00:00
2021-07-26 15:02:00,Scott Bradlee's Postmodern Jukebox,Sweet Child O' Mine,4.175,July,26,Monday,15,2021-07-26 00:00:00
2021-07-26 15:06:00,Scott Bradlee's Postmodern Jukebox,Don't Stop Me Now,4.008333333333334,July,26,Monday,15,2021-07-26 00:00:00
2021-07-26 15:10:00,Scott Bradlee's Postmodern Jukebox,Hey Ya!,3.3895833333333334,July,26,Monday,15,2021-07-26 00:00:00
2021-07-26 15:15:00,Scott Bradlee's Postmodern Jukebox,All Of Me,4.707916666666667,July,26,Monday,15,2021-07-26 00:00:00
2021-07-26 15:18:00,Scott Bradlee's Postmodern Jukebox,Thrift Shop,3.0103999999999997,July,26,Monday,15,2021-07-26 00:00:00
2021-07-26 15:21:00,Scott Bradlee's Postmodern Jukebox,Gangsta's Paradise,3.7916666666666665,July,26,Monday,15,2021-07-26 00:00:00
2021-07-26 15:27:00,Scott Bradlee's Postmodern Jukebox,Smells Like Teen Spirit,5.316666666666666,July,26,Monday,15,2021-07-26 00:00:00
2021-07-26 15:30:00,Scott Bradlee's Postmodern Jukebox,Talk Dirty,2.94665,July,26,Monday,15,2021-07-26 00:00:00
