post_owner,time_of_day,year,month,day,day_week,date,hour,part_of_day
__ch3ll__,2021-07-19 00:11:48,2021,July,19,Monday,2021-07-19,0,Late Night
__ch3ll__,2021-07-18 18:02:36,2021,July,18,Sunday,2021-07-18,18,Evening
vittorfernando,2021-07-17 15:59:01,2021,July,17,Saturday,2021-07-17,15,Afternoon
fotochaaat,2021-07-17 01:07:30,2021,July,17,Saturday,2021-07-17,1,Late Night
prof.danielgontijo,2021-07-16 15:18:38,2021,July,16,Friday,2021-07-16,15,Afternoon
sebastiao.salgados,2021-07-16 14:07:26,2021,July,16,Friday,2021-07-16,14,Afternoon
manoel_uchoa,2021-07-15 14:19:33,2021,July,15,Thursday,2021-07-15,14,Afternoon
filoeliteratu,2021-07-15 13:52:04,2021,July,15,Thursday,2021-07-15,13,Afternoon
sebastiao.salgados,2021-07-15 13:45:02,2021,July,15,Thursday,2021-07-15,13,Afternoon
semdeuses,2021-07-14 15:26:35,2021,July,14,Wednesday,2021-07-14,15,Afternoon
semdeuses,2021-07-14 15:11:55,2021,July,14,Wednesday,2021-07-14,15,Afternoon
sebastiao.salgados,2021-07-14 01:36:29,2021,July,14,Wednesday,2021-07-14,1,Late Night
revistatpm,2021-07-13 19:43:57,2021,July,13,Tuesday,2021-07-13,19,Evening
sebastiao.salgados,2021-07-13 14:47:32,2021,July,13,Tuesday,2021-07-13,14,Afternoon
coyotebeatz,2021-07-10 20:57:31,2021,July,10,Saturday,2021-07-10,20,Evening
mayarabeatriz12,2021-07-01 15:54:33,2021,July,1,Thursday,2021-07-01,15,Afternoon
manoel_uchoa,2021-07-01 15:53:53,2021,July,1,Thursday,2021-07-01,15,Afternoon
___nataliao.gomes,2021-07-01 01:03:13,2021,July,1,Thursday,2021-07-01,1,Late Night
__ch3ll__,2021-06-27 01:11:35,2021,June,27,Sunday,2021-06-27,1,Late Night
__ch3ll__,2021-06-27 01:11:04,2021,June,27,Sunday,2021-06-27,1,Late Night
sylvesterhenrique,2021-06-23 01:04:03,2021,June,23,Wednesday,2021-06-23,1,Late Night
sebastiao.salgados,2021-06-21 01:22:32,2021,June,21,Monday,2021-06-21,1,Late Night
sebastiao.salgados,2021-06-21 01:21:15,2021,June,21,Monday,2021-06-21,1,Late Night
spacetoday1,2021-06-19 23:12:48,2021,June,19,Saturday,2021-06-19,23,Night
spacetoday1,2021-06-19 23:11:33,2021,June,19,Saturday,2021-06-19,23,Night
spacetoday1,2021-06-18 02:24:42,2021,June,18,Friday,2021-06-18,2,Late Night
__ch3ll__,2021-06-17 03:28:39,2021,June,17,Thursday,2021-06-17,3,Late Night
sylvesterhenrique,2021-06-17 01:19:18,2021,June,17,Thursday,2021-06-17,1,Late Night
__ch3ll__,2021-06-15 08:44:42,2021,June,15,Tuesday,2021-06-15,8,Early Morning
__ch3ll__,2021-06-15 08:44:03,2021,June,15,Tuesday,2021-06-15,8,Early Morning
__ch3ll__,2021-06-15 08:43:29,2021,June,15,Tuesday,2021-06-15,8,Early Morning
__ch3ll__,2021-06-15 08:43:15,2021,June,15,Tuesday,2021-06-15,8,Early Morning
__ch3ll__,2021-06-15 08:42:56,2021,June,15,Tuesday,2021-06-15,8,Early Morning
__ch3ll__,2021-06-14 10:26:13,2021,June,14,Monday,2021-06-14,10,Morning
__ch3ll__,2021-06-14 10:25:34,2021,June,14,Monday,2021-06-14,10,Morning
luccas._.alves,2021-06-06 00:05:04,2021,June,6,Sunday,2021-06-06,0,Late Night
prof.danielgontijo,2021-06-02 19:00:11,2021,June,2,Wednesday,2021-06-02,19,Evening
alper.tadeu,2021-06-01 15:53:49,2021,June,1,Tuesday,2021-06-01,15,Afternoon
__ch3ll__,2021-05-30 20:09:24,2021,May,30,Sunday,2021-05-30,20,Evening
arthur.henrique95,2021-05-30 04:26:49,2021,May,30,Sunday,2021-05-30,4,Late Night
dicas.anticoach,2021-05-28 21:22:59,2021,May,28,Friday,2021-05-28,21,Night
kamilagiffoni,2021-05-24 00:18:33,2021,May,24,Monday,2021-05-24,0,Late Night
revistatpm,2021-05-22 21:25:23,2021,May,22,Saturday,2021-05-22,21,Night
se.poema.fosse.funk,2021-05-21 06:52:52,2021,May,21,Friday,2021-05-21,6,Early Morning
__ch3ll__,2021-05-16 01:12:05,2021,May,16,Sunday,2021-05-16,1,Late Night
dicas.anticoach,2021-05-15 20:26:08,2021,May,15,Saturday,2021-05-15,20,Evening
danywsbela,2021-05-08 02:23:39,2021,May,8,Saturday,2021-05-08,2,Late Night
louise_louisinha,2021-05-07 13:30:10,2021,May,7,Friday,2021-05-07,13,Afternoon
__ch3ll__,2021-04-29 17:09:09,2021,April,29,Thursday,2021-04-29,17,Evening
__ch3ll__,2021-04-23 22:48:03,2021,April,23,Friday,2021-04-23,22,Night
sylvesterhenrique,2021-04-22 20:24:35,2021,April,22,Thursday,2021-04-22,20,Evening
spacetoday1,2021-04-22 14:35:40,2021,April,22,Thursday,2021-04-22,14,Afternoon
_souzzzacarol,2021-04-13 16:47:05,2021,April,13,Tuesday,2021-04-13,16,Afternoon
spacetoday1,2021-04-12 16:18:25,2021,April,12,Monday,2021-04-12,16,Afternoon
dicas.anticoach,2021-04-12 03:36:45,2021,April,12,Monday,2021-04-12,3,Late Night
gustavo.baracho,2021-04-10 01:01:42,2021,April,10,Saturday,2021-04-10,1,Late Night
spacetoday1,2021-04-02 06:18:05,2021,April,2,Friday,2021-04-02,6,Early Morning
ocaradosquadrinhoss,2021-04-01 12:34:26,2021,April,1,Thursday,2021-04-01,12,Morning
pyladiesrecife,2021-03-31 15:51:51,2021,March,31,Wednesday,2021-03-31,15,Afternoon
spacetoday1,2021-02-25 02:23:09,2021,February,25,Thursday,2021-02-25,2,Late Night
spacetoday1,2021-02-23 13:34:58,2021,February,23,Tuesday,2021-02-23,13,Afternoon
miltonbitucanascimento,2021-02-22 05:28:24,2021,February,22,Monday,2021-02-22,5,Early Morning
nexojornal,2021-02-21 05:58:17,2021,February,21,Sunday,2021-02-21,5,Early Morning
manoel_uchoa,2021-02-21 04:45:37,2021,February,21,Sunday,2021-02-21,4,Late Night
spacetoday1,2021-02-20 06:41:02,2021,February,20,Saturday,2021-02-20,6,Early Morning
resilia.br,2021-02-20 06:13:26,2021,February,20,Saturday,2021-02-20,6,Early Morning
sylvesterhenrique,2021-02-20 06:10:46,2021,February,20,Saturday,2021-02-20,6,Early Morning
kassio.ipnet_cloud,2021-02-09 03:23:41,2021,February,9,Tuesday,2021-02-09,3,Late Night
sebastiao.salgados,2021-02-06 12:56:55,2021,February,6,Saturday,2021-02-06,12,Morning
c.damasdeferro,2021-02-03 12:37:21,2021,February,3,Wednesday,2021-02-03,12,Morning
arlonsilveira,2021-02-03 12:33:02,2021,February,3,Wednesday,2021-02-03,12,Morning
resilia.br,2021-02-01 06:49:11,2021,February,1,Monday,2021-02-01,6,Early Morning
jennitavares,2021-01-29 15:41:29,2021,January,29,Friday,2021-01-29,15,Afternoon
murilogun,2021-01-28 13:14:48,2021,January,28,Thursday,2021-01-28,13,Afternoon
ifooduniverso,2021-01-28 13:09:25,2021,January,28,Thursday,2021-01-28,13,Afternoon
rap.dab,2021-01-21 03:46:45,2021,January,21,Thursday,2021-01-21,3,Late Night
rafabrites,2021-01-16 18:42:53,2021,January,16,Saturday,2021-01-16,18,Evening
_souzzzacarol,2021-01-09 20:02:57,2021,January,9,Saturday,2021-01-09,20,Evening
marilizpj,2021-01-08 10:17:44,2021,January,8,Friday,2021-01-08,10,Morning
criolomc,2021-01-08 10:14:18,2021,January,8,Friday,2021-01-08,10,Morning
raillena17,2021-01-06 02:52:08,2021,January,6,Wednesday,2021-01-06,2,Late Night
filosofia_arte_literatura,2021-01-05 11:39:13,2021,January,5,Tuesday,2021-01-05,11,Morning
lucialiralr,2021-01-05 02:55:18,2021,January,5,Tuesday,2021-01-05,2,Late Night
elizabete.ls,2021-01-03 22:41:17,2021,January,3,Sunday,2021-01-03,22,Night
daniellakennia,2021-01-02 20:24:35,2021,January,2,Saturday,2021-01-02,20,Evening
curumineosaipins,2020-12-31 03:46:19,2020,December,31,Thursday,2020-12-31,3,Late Night
murilogun,2020-12-31 03:43:43,2020,December,31,Thursday,2020-12-31,3,Late Night
__ch3ll__,2020-12-30 23:21:24,2020,December,30,Wednesday,2020-12-30,23,Night
__ch3ll__,2020-12-30 20:12:02,2020,December,30,Wednesday,2020-12-30,20,Evening
ogeovanimartins,2020-12-30 20:11:26,2020,December,30,Wednesday,2020-12-30,20,Evening
__ch3ll__,2020-12-30 18:43:52,2020,December,30,Wednesday,2020-12-30,18,Evening
murilogun,2020-12-30 17:40:14,2020,December,30,Wednesday,2020-12-30,17,Evening
jennitavares,2020-12-30 15:13:12,2020,December,30,Wednesday,2020-12-30,15,Afternoon
sarashakeel,2020-12-29 08:35:21,2020,December,29,Tuesday,2020-12-29,8,Early Morning
spacetoday1,2020-12-28 23:58:57,2020,December,28,Monday,2020-12-28,23,Night
authordanbrown,2020-12-28 22:16:21,2020,December,28,Monday,2020-12-28,22,Night
spacetoday1,2020-12-27 17:53:16,2020,December,27,Sunday,2020-12-27,17,Evening
criolomc,2020-12-26 18:52:07,2020,December,26,Saturday,2020-12-26,18,Evening
victorleandro4.0,2020-12-25 03:03:43,2020,December,25,Friday,2020-12-25,3,Late Night
victorleandro4.0,2020-12-25 01:32:20,2020,December,25,Friday,2020-12-25,1,Late Night
kamilagiffoni,2020-12-23 20:35:30,2020,December,23,Wednesday,2020-12-23,20,Evening
__ch3ll__,2020-12-23 17:22:04,2020,December,23,Wednesday,2020-12-23,17,Evening
dicas.anticoach,2020-12-23 14:02:28,2020,December,23,Wednesday,2020-12-23,14,Afternoon
dicas.anticoach,2020-12-22 15:50:07,2020,December,22,Tuesday,2020-12-22,15,Afternoon
duasvezeschico,2020-12-21 17:31:02,2020,December,21,Monday,2020-12-21,17,Evening
__ch3ll__,2020-12-20 03:08:08,2020,December,20,Sunday,2020-12-20,3,Late Night
__ch3ll__,2020-12-19 17:39:55,2020,December,19,Saturday,2020-12-19,17,Evening
kamilagiffoni,2020-12-18 18:53:05,2020,December,18,Friday,2020-12-18,18,Evening
miltonbitucanascimento,2020-12-18 18:02:43,2020,December,18,Friday,2020-12-18,18,Evening
dicas.anticoach,2020-12-17 16:40:47,2020,December,17,Thursday,2020-12-17,16,Afternoon
prof.esp.amaury_melo,2020-12-13 21:09:38,2020,December,13,Sunday,2020-12-13,21,Night
kennedypereirathorpe,2020-12-10 15:53:29,2020,December,10,Thursday,2020-12-10,15,Afternoon
mayarabeatriz12,2020-12-09 13:16:32,2020,December,9,Wednesday,2020-12-09,13,Afternoon
vamosjuntasorg,2020-12-03 22:21:26,2020,December,3,Thursday,2020-12-03,22,Night
__ch3ll__,2020-12-03 21:27:01,2020,December,3,Thursday,2020-12-03,21,Night
rodrigoepronto,2020-12-03 01:59:32,2020,December,3,Thursday,2020-12-03,1,Late Night
__ch3ll__,2020-12-03 00:56:34,2020,December,3,Thursday,2020-12-03,0,Late Night
pregnancyguidelines,2020-11-30 12:06:06,2020,November,30,Monday,2020-11-30,12,Morning
__ch3ll__,2020-11-23 18:47:51,2020,November,23,Monday,2020-11-23,18,Evening
__ch3ll__,2020-11-23 12:53:54,2020,November,23,Monday,2020-11-23,12,Morning
longedotedio,2020-11-20 02:23:52,2020,November,20,Friday,2020-11-20,2,Late Night
deyvisonfsilva,2020-11-18 21:22:42,2020,November,18,Wednesday,2020-11-18,21,Night
__ch3ll__,2020-11-17 10:40:26,2020,November,17,Tuesday,2020-11-17,10,Morning
__ch3ll__,2020-11-17 10:40:16,2020,November,17,Tuesday,2020-11-17,10,Morning
__ch3ll__,2020-11-17 10:39:42,2020,November,17,Tuesday,2020-11-17,10,Morning
__ch3ll__,2020-11-17 10:39:25,2020,November,17,Tuesday,2020-11-17,10,Morning
__ch3ll__,2020-11-17 10:39:14,2020,November,17,Tuesday,2020-11-17,10,Morning
__ch3ll__,2020-11-17 10:39:04,2020,November,17,Tuesday,2020-11-17,10,Morning
__ch3ll__,2020-11-17 10:38:59,2020,November,17,Tuesday,2020-11-17,10,Morning
__ch3ll__,2020-11-17 10:38:39,2020,November,17,Tuesday,2020-11-17,10,Morning
__ch3ll__,2020-11-17 10:38:28,2020,November,17,Tuesday,2020-11-17,10,Morning
__ch3ll__,2020-11-17 10:38:10,2020,November,17,Tuesday,2020-11-17,10,Morning
alfredocardim,2020-11-17 08:55:45,2020,November,17,Tuesday,2020-11-17,8,Early Morning
mayarabeatriz12,2020-11-17 08:54:31,2020,November,17,Tuesday,2020-11-17,8,Early Morning
chharlyss,2020-11-03 23:50:52,2020,November,3,Tuesday,2020-11-03,23,Night
chharlyss,2020-11-03 23:49:05,2020,November,3,Tuesday,2020-11-03,23,Night
rafabrites,2020-11-03 23:39:10,2020,November,3,Tuesday,2020-11-03,23,Night
chharlyss,2020-11-03 23:00:36,2020,November,3,Tuesday,2020-11-03,23,Night
dicas.anticoach,2020-11-02 02:53:58,2020,November,2,Monday,2020-11-02,2,Late Night
manualdamamaebrasilia,2020-11-02 01:08:12,2020,November,2,Monday,2020-11-02,1,Late Night
mari_fazarte,2020-10-31 15:33:43,2020,October,31,Saturday,2020-10-31,15,Afternoon
donadirceferreira,2020-10-31 14:22:52,2020,October,31,Saturday,2020-10-31,14,Afternoon
gnt,2020-10-31 11:39:04,2020,October,31,Saturday,2020-10-31,11,Morning
aliceruizs,2020-10-31 09:46:01,2020,October,31,Saturday,2020-10-31,9,Morning
dicas.anticoach,2020-10-30 23:04:18,2020,October,30,Friday,2020-10-30,23,Night
jornalrascunho,2020-10-30 12:51:47,2020,October,30,Friday,2020-10-30,12,Morning
instirinhass,2020-10-29 08:09:27,2020,October,29,Thursday,2020-10-29,8,Early Morning
spacetoday1,2020-10-27 18:11:57,2020,October,27,Tuesday,2020-10-27,18,Evening
spacetoday1,2020-10-27 16:15:58,2020,October,27,Tuesday,2020-10-27,16,Afternoon
ocaradosquadrinhoss,2020-10-27 15:07:01,2020,October,27,Tuesday,2020-10-27,15,Afternoon
spacetoday1,2020-10-27 15:06:36,2020,October,27,Tuesday,2020-10-27,15,Afternoon
ocaradosquadrinhoss,2020-10-27 12:06:12,2020,October,27,Tuesday,2020-10-27,12,Morning
cafeparaprogramar,2020-10-27 00:40:09,2020,October,27,Tuesday,2020-10-27,0,Late Night
spacetoday1,2020-10-26 23:43:39,2020,October,26,Monday,2020-10-26,23,Night
tamisacosta,2020-10-26 01:13:42,2020,October,26,Monday,2020-10-26,1,Late Night
spacex,2020-10-24 21:50:16,2020,October,24,Saturday,2020-10-24,21,Night
spacetoday1,2020-10-24 17:18:00,2020,October,24,Saturday,2020-10-24,17,Evening
portaldeprefeitura,2020-10-24 08:42:02,2020,October,24,Saturday,2020-10-24,8,Early Morning
cfeoficial,2020-10-23 22:31:47,2020,October,23,Friday,2020-10-23,22,Night
grupoeditorialrecord,2020-10-23 22:19:28,2020,October,23,Friday,2020-10-23,22,Night
grupoeditorialrecord,2020-10-23 22:18:58,2020,October,23,Friday,2020-10-23,22,Night
caetanoefoda,2020-10-01 04:44:31,2020,October,1,Thursday,2020-10-01,4,Late Night
__ch3ll__,2020-09-30 00:13:14,2020,September,30,Wednesday,2020-09-30,0,Late Night
martelo_nietzsche,2020-09-29 23:10:08,2020,September,29,Tuesday,2020-09-29,23,Night
filhinhosfelinos,2020-09-27 19:19:15,2020,September,27,Sunday,2020-09-27,19,Evening
papaver.art,2020-09-27 19:01:51,2020,September,27,Sunday,2020-09-27,19,Evening
jeffreydeanmorgan,2020-09-27 17:00:42,2020,September,27,Sunday,2020-09-27,17,Evening
andreadepaulavieira,2020-09-24 15:01:59,2020,September,24,Thursday,2020-09-24,15,Afternoon
igrejauniverssauria,2020-09-24 13:49:53,2020,September,24,Thursday,2020-09-24,13,Afternoon
mayarabeatriz12,2020-09-21 21:07:57,2020,September,21,Monday,2020-09-21,21,Night
conjecturancas,2020-09-21 20:28:59,2020,September,21,Monday,2020-09-21,20,Evening
kamilagiffoni,2020-09-21 20:28:28,2020,September,21,Monday,2020-09-21,20,Evening
kamilagiffoni,2020-09-21 01:27:35,2020,September,21,Monday,2020-09-21,1,Late Night
mari_fazarte,2020-09-20 15:39:08,2020,September,20,Sunday,2020-09-20,15,Afternoon
vickycornell,2020-09-19 01:48:03,2020,September,19,Saturday,2020-09-19,1,Late Night
conjecturancas,2020-09-18 21:25:54,2020,September,18,Friday,2020-09-18,21,Night
__ch3ll__,2020-09-18 21:20:36,2020,September,18,Friday,2020-09-18,21,Night
__ch3ll__,2020-09-18 21:20:08,2020,September,18,Friday,2020-09-18,21,Night
__ch3ll__,2020-09-18 21:19:22,2020,September,18,Friday,2020-09-18,21,Night
__ch3ll__,2020-09-18 21:19:10,2020,September,18,Friday,2020-09-18,21,Night
deyvisonfsilva,2020-09-14 22:04:14,2020,September,14,Monday,2020-09-14,22,Night
eaguiar1960,2020-09-08 20:00:32,2020,September,8,Tuesday,2020-09-08,20,Evening
eaguiar1960,2020-09-08 17:08:30,2020,September,8,Tuesday,2020-09-08,17,Evening
mayarabeatriz12,2020-09-06 21:06:32,2020,September,6,Sunday,2020-09-06,21,Night
artguide_illustration,2020-09-06 14:51:55,2020,September,6,Sunday,2020-09-06,14,Afternoon
marca.flor,2020-09-05 17:55:43,2020,September,5,Saturday,2020-09-05,17,Evening
__ch3ll__,2020-09-03 21:08:26,2020,September,3,Thursday,2020-09-03,21,Night
raillena17,2020-09-03 20:57:35,2020,September,3,Thursday,2020-09-03,20,Evening
dsacademybr,2020-09-03 20:02:57,2020,September,3,Thursday,2020-09-03,20,Evening
__ch3ll__,2020-09-03 20:00:11,2020,September,3,Thursday,2020-09-03,20,Evening
rubelrubelrubel,2020-09-01 15:05:49,2020,September,1,Tuesday,2020-09-01,15,Afternoon
leandraleal,2020-08-31 19:12:34,2020,August,31,Monday,2020-08-31,19,Evening
ogeovanimartins,2020-08-31 14:17:35,2020,August,31,Monday,2020-08-31,14,Afternoon
luccas._.alves,2020-08-31 03:46:46,2020,August,31,Monday,2020-08-31,3,Late Night
mayarabeatriz12,2020-08-30 23:43:38,2020,August,30,Sunday,2020-08-30,23,Night
mayarabeatriz12,2020-08-30 20:57:15,2020,August,30,Sunday,2020-08-30,20,Evening
caiapitanga,2020-08-29 14:16:55,2020,August,29,Saturday,2020-08-29,14,Afternoon
caetanoefoda,2020-08-28 23:35:45,2020,August,28,Friday,2020-08-28,23,Night
iguglielmini,2020-08-26 17:27:06,2020,August,26,Wednesday,2020-08-26,17,Evening
dicas.anticoach,2020-08-21 22:03:16,2020,August,21,Friday,2020-08-21,22,Night
mayarabeatriz12,2020-08-20 02:15:51,2020,August,20,Thursday,2020-08-20,2,Late Night
portaldeprefeitura,2020-08-17 05:15:26,2020,August,17,Monday,2020-08-17,5,Early Morning
jc_pe,2020-08-16 23:53:03,2020,August,16,Sunday,2020-08-16,23,Night
recifeordinario,2020-08-16 23:00:24,2020,August,16,Sunday,2020-08-16,23,Night
sylvesterhenrique,2020-08-16 20:18:34,2020,August,16,Sunday,2020-08-16,20,Evening
__ch3ll__,2020-08-15 11:08:13,2020,August,15,Saturday,2020-08-15,11,Morning
__ch3ll__,2020-08-15 01:15:14,2020,August,15,Saturday,2020-08-15,1,Late Night
andressa.vazz,2020-08-14 21:45:41,2020,August,14,Friday,2020-08-14,21,Night
recifeordinario,2020-08-14 19:03:02,2020,August,14,Friday,2020-08-14,19,Evening
recifeordinario,2020-08-14 18:54:59,2020,August,14,Friday,2020-08-14,18,Evening
antoniofagundes,2020-08-13 00:42:03,2020,August,13,Thursday,2020-08-13,0,Late Night
terezasales15,2020-08-12 00:07:59,2020,August,12,Wednesday,2020-08-12,0,Late Night
victorleandro4.0,2020-08-10 19:53:12,2020,August,10,Monday,2020-08-10,19,Evening
mahmoudbaydoun_,2020-08-10 16:37:55,2020,August,10,Monday,2020-08-10,16,Afternoon
migasualoca,2020-08-10 14:27:44,2020,August,10,Monday,2020-08-10,14,Afternoon
cleyson.erasmo,2020-08-08 20:03:40,2020,August,8,Saturday,2020-08-08,20,Evening
caetanoveloso,2020-08-03 01:35:24,2020,August,3,Monday,2020-08-03,1,Late Night
xuxameneghel,2020-08-01 16:17:40,2020,August,1,Saturday,2020-08-01,16,Afternoon
vlady_snow,2020-08-01 15:18:41,2020,August,1,Saturday,2020-08-01,15,Afternoon
spacetoday1,2020-07-30 11:07:27,2020,July,30,Thursday,2020-07-30,11,Morning
mahmoudbaydoun_,2020-07-21 19:12:29,2020,July,21,Tuesday,2020-07-21,19,Evening
semdeuses,2020-07-20 17:01:00,2020,July,20,Monday,2020-07-20,17,Evening
mahmoudbaydoun_,2020-07-20 16:59:47,2020,July,20,Monday,2020-07-20,16,Afternoon
hughhowey,2020-07-14 21:14:02,2020,July,14,Tuesday,2020-07-14,21,Night
maga_ligna,2020-07-14 19:32:49,2020,July,14,Tuesday,2020-07-14,19,Evening
belizzoficial,2020-07-14 11:51:00,2020,July,14,Tuesday,2020-07-14,11,Morning
sebastiao.salgados,2020-07-14 10:39:50,2020,July,14,Tuesday,2020-07-14,10,Morning
arthurlsmarinho,2020-07-12 18:15:18,2020,July,12,Sunday,2020-07-12,18,Evening
kamilagiffoni,2020-07-11 18:34:22,2020,July,11,Saturday,2020-07-11,18,Evening
autoralvsautoral,2020-07-09 18:09:31,2020,July,9,Thursday,2020-07-09,18,Evening
tamisacosta,2020-07-09 16:48:48,2020,July,9,Thursday,2020-07-09,16,Afternoon
abrace_a_loucura,2020-07-09 05:30:15,2020,July,9,Thursday,2020-07-09,5,Early Morning
cleyson.erasmo,2020-07-08 18:21:46,2020,July,8,Wednesday,2020-07-08,18,Evening
studio__rembrandt,2020-07-08 16:28:32,2020,July,8,Wednesday,2020-07-08,16,Afternoon
nandoreis,2020-07-08 15:03:06,2020,July,8,Wednesday,2020-07-08,15,Afternoon
__ch3ll__,2020-07-03 22:41:03,2020,July,3,Friday,2020-07-03,22,Night
__ch3ll__,2020-07-02 17:05:12,2020,July,2,Thursday,2020-07-02,17,Evening
__ch3ll__,2020-07-02 16:49:13,2020,July,2,Thursday,2020-07-02,16,Afternoon
__ch3ll__,2020-07-02 00:34:32,2020,July,2,Thursday,2020-07-02,0,Late Night
__ch3ll__,2020-07-02 00:33:52,2020,July,2,Thursday,2020-07-02,0,Late Night
__ch3ll__,2020-07-02 00:33:38,2020,July,2,Thursday,2020-07-02,0,Late Night
__ch3ll__,2020-07-02 00:33:30,2020,July,2,Thursday,2020-07-02,0,Late Night
__ch3ll__,2020-07-02 00:33:00,2020,July,2,Thursday,2020-07-02,0,Late Night
__ch3ll__,2020-07-01 21:42:26,2020,July,1,Wednesday,2020-07-01,21,Night
__ch3ll__,2020-07-01 21:42:11,2020,July,1,Wednesday,2020-07-01,21,Night
annelorena,2020-07-01 16:52:09,2020,July,1,Wednesday,2020-07-01,16,Afternoon
miltonbitucanascimento,2020-06-30 17:45:10,2020,June,30,Tuesday,2020-06-30,17,Evening
terezasales15,2020-06-30 17:24:58,2020,June,30,Tuesday,2020-06-30,17,Evening
saalrf,2020-06-30 15:32:00,2020,June,30,Tuesday,2020-06-30,15,Afternoon
drasilviafiuza,2020-06-29 18:38:58,2020,June,29,Monday,2020-06-29,18,Evening
carolinerfalcao,2020-06-27 11:35:10,2020,June,27,Saturday,2020-06-27,11,Morning
arthurlsmarinho,2020-06-25 22:34:18,2020,June,25,Thursday,2020-06-25,22,Night
djavanoficial,2020-06-25 19:27:11,2020,June,25,Thursday,2020-06-25,19,Evening
__ch3ll__,2020-06-24 21:14:55,2020,June,24,Wednesday,2020-06-24,21,Night
martelo_nietzsche,2020-06-24 00:51:58,2020,June,24,Wednesday,2020-06-24,0,Late Night
roh_costa,2020-06-24 00:31:06,2020,June,24,Wednesday,2020-06-24,0,Late Night
nandoreis,2020-06-23 17:42:05,2020,June,23,Tuesday,2020-06-23,17,Evening
dsacademybr,2020-06-23 02:13:09,2020,June,23,Tuesday,2020-06-23,2,Late Night
dicas.anticoach,2020-06-22 21:56:19,2020,June,22,Monday,2020-06-22,21,Night
__ch3ll__,2020-06-20 17:52:09,2020,June,20,Saturday,2020-06-20,17,Evening
__ch3ll__,2020-06-20 14:23:19,2020,June,20,Saturday,2020-06-20,14,Afternoon
__ch3ll__,2020-06-19 02:49:39,2020,June,19,Friday,2020-06-19,2,Late Night
__ch3ll__,2020-06-19 02:47:32,2020,June,19,Friday,2020-06-19,2,Late Night
__ch3ll__,2020-06-19 02:47:11,2020,June,19,Friday,2020-06-19,2,Late Night
__ch3ll__,2020-06-19 02:41:38,2020,June,19,Friday,2020-06-19,2,Late Night
eu_rafaela_andrade,2020-06-18 20:06:49,2020,June,18,Thursday,2020-06-18,20,Evening
norahjones,2020-06-17 18:23:21,2020,June,17,Wednesday,2020-06-17,18,Evening
__ch3ll__,2020-06-16 15:03:12,2020,June,16,Tuesday,2020-06-16,15,Afternoon
sylvesterhenrique,2020-06-15 16:57:04,2020,June,15,Monday,2020-06-15,16,Afternoon
__ch3ll__,2020-06-14 02:22:47,2020,June,14,Sunday,2020-06-14,2,Late Night
__ch3ll__,2020-06-13 21:14:59,2020,June,13,Saturday,2020-06-13,21,Night
tatawerneck,2020-06-11 20:15:28,2020,June,11,Thursday,2020-06-11,20,Evening
sylvesterhenrique,2020-06-08 00:41:14,2020,June,8,Monday,2020-06-08,0,Late Night
victorleandro4.0,2020-06-06 21:39:53,2020,June,6,Saturday,2020-06-06,21,Night
rodrigoepronto,2020-06-06 20:52:25,2020,June,6,Saturday,2020-06-06,20,Evening
rodrigoepronto,2020-06-06 14:59:22,2020,June,6,Saturday,2020-06-06,14,Afternoon
__ch3ll__,2020-06-05 17:10:27,2020,June,5,Friday,2020-06-05,17,Evening
__ch3ll__,2020-05-30 00:18:07,2020,May,30,Saturday,2020-05-30,0,Late Night
kamilagiffoni,2020-05-29 23:33:27,2020,May,29,Friday,2020-05-29,23,Night
radiojornalpe,2020-05-29 14:22:53,2020,May,29,Friday,2020-05-29,14,Afternoon
walteralexandrelira,2020-05-25 15:39:28,2020,May,25,Monday,2020-05-25,15,Afternoon
roh_costa,2020-05-25 01:29:37,2020,May,25,Monday,2020-05-25,1,Late Night
__ch3ll__,2020-05-23 22:31:18,2020,May,23,Saturday,2020-05-23,22,Night
__ch3ll__,2020-05-23 12:58:13,2020,May,23,Saturday,2020-05-23,12,Morning
umrepentepordia,2020-05-22 20:48:16,2020,May,22,Friday,2020-05-22,20,Evening
__ch3ll__,2020-05-22 20:47:47,2020,May,22,Friday,2020-05-22,20,Evening
umrepentepordia,2020-05-22 16:10:20,2020,May,22,Friday,2020-05-22,16,Afternoon
__ch3ll__,2020-05-22 14:15:28,2020,May,22,Friday,2020-05-22,14,Afternoon
__ch3ll__,2020-05-22 13:46:21,2020,May,22,Friday,2020-05-22,13,Afternoon
__ch3ll__,2020-05-22 13:45:44,2020,May,22,Friday,2020-05-22,13,Afternoon
__ch3ll__,2020-05-22 13:45:21,2020,May,22,Friday,2020-05-22,13,Afternoon
__ch3ll__,2020-05-22 13:18:18,2020,May,22,Friday,2020-05-22,13,Afternoon
__ch3ll__,2020-05-22 12:24:52,2020,May,22,Friday,2020-05-22,12,Morning
__ch3ll__,2020-05-22 12:23:57,2020,May,22,Friday,2020-05-22,12,Morning
carolinerfalcao,2020-05-21 12:18:01,2020,May,21,Thursday,2020-05-21,12,Morning
luccas._.alves,2020-05-20 00:42:53,2020,May,20,Wednesday,2020-05-20,0,Late Night
luccas._.alves,2020-05-20 00:42:36,2020,May,20,Wednesday,2020-05-20,0,Late Night
esdras_gueiros,2020-05-17 23:54:37,2020,May,17,Sunday,2020-05-17,23,Night
danywsbela,2020-05-17 23:19:22,2020,May,17,Sunday,2020-05-17,23,Night
__ch3ll__,2020-05-15 21:51:35,2020,May,15,Friday,2020-05-15,21,Night
__ch3ll__,2020-05-15 18:43:23,2020,May,15,Friday,2020-05-15,18,Evening
tatianafeltrin,2020-05-15 14:15:34,2020,May,15,Friday,2020-05-15,14,Afternoon
tatianafeltrin,2020-05-15 14:15:13,2020,May,15,Friday,2020-05-15,14,Afternoon
recifeordinario,2020-05-15 13:43:09,2020,May,15,Friday,2020-05-15,13,Afternoon
conjecturancas,2020-05-02 21:02:14,2020,May,2,Saturday,2020-05-02,21,Night
talita.persi,2020-04-23 10:59:54,2020,April,23,Thursday,2020-04-23,10,Morning
arthurlira31,2020-04-01 21:27:12,2020,April,1,Wednesday,2020-04-01,21,Night
moacyrwalker,2020-04-01 17:21:23,2020,April,1,Wednesday,2020-04-01,17,Evening
moacyrwalker,2020-04-01 17:21:11,2020,April,1,Wednesday,2020-04-01,17,Evening
tulio.87,2020-03-22 14:10:47,2020,March,22,Sunday,2020-03-22,14,Afternoon
gabrielbatista_96,2020-03-14 19:46:43,2020,March,14,Saturday,2020-03-14,19,Evening
conjecturancas,2020-03-07 00:56:00,2020,March,7,Saturday,2020-03-07,0,Late Night
tarso3570,2020-03-06 02:25:10,2020,March,6,Friday,2020-03-06,2,Late Night
tarso3570,2020-03-06 02:24:46,2020,March,6,Friday,2020-03-06,2,Late Night
kelrycasado,2020-03-03 21:36:39,2020,March,3,Tuesday,2020-03-03,21,Night
__ch3ll__,2020-02-25 22:39:53,2020,February,25,Tuesday,2020-02-25,22,Night
victorleandro4.0,2020-02-25 14:44:48,2020,February,25,Tuesday,2020-02-25,14,Afternoon
__ch3ll__,2020-02-17 14:03:54,2020,February,17,Monday,2020-02-17,14,Afternoon
kamilagiffoni,2020-02-14 18:02:45,2020,February,14,Friday,2020-02-14,18,Evening
kevinmalejandro,2020-02-11 01:56:12,2020,February,11,Tuesday,2020-02-11,1,Late Night
migasualoca,2020-02-10 01:00:02,2020,February,10,Monday,2020-02-10,1,Late Night
pernambucoposting,2020-02-07 02:47:14,2020,February,7,Friday,2020-02-07,2,Late Night
poetaluizsampaio,2020-02-04 15:47:41,2020,February,4,Tuesday,2020-02-04,15,Afternoon
rodrigoepronto,2020-02-03 23:40:41,2020,February,3,Monday,2020-02-03,23,Night
__ch3ll__,2020-01-29 13:15:14,2020,January,29,Wednesday,2020-01-29,13,Afternoon
conjecturancas,2020-01-28 15:52:57,2020,January,28,Tuesday,2020-01-28,15,Afternoon
__ch3ll__,2020-01-28 14:06:19,2020,January,28,Tuesday,2020-01-28,14,Afternoon
__ch3ll__,2020-01-28 14:04:27,2020,January,28,Tuesday,2020-01-28,14,Afternoon
__ch3ll__,2020-01-28 13:52:48,2020,January,28,Tuesday,2020-01-28,13,Afternoon
__ch3ll__,2020-01-28 11:24:36,2020,January,28,Tuesday,2020-01-28,11,Morning
__ch3ll__,2020-01-23 10:41:32,2020,January,23,Thursday,2020-01-23,10,Morning
__ch3ll__,2020-01-23 02:00:46,2020,January,23,Thursday,2020-01-23,2,Late Night
__ch3ll__,2020-01-23 01:43:43,2020,January,23,Thursday,2020-01-23,1,Late Night
bukowski_se,2020-01-20 17:52:05,2020,January,20,Monday,2020-01-20,17,Evening
arthurlira31,2020-01-18 16:39:14,2020,January,18,Saturday,2020-01-18,16,Afternoon
kamilagiffoni,2020-01-14 01:57:38,2020,January,14,Tuesday,2020-01-14,1,Late Night
luccas._.alves,2020-01-14 01:54:12,2020,January,14,Tuesday,2020-01-14,1,Late Night
sylvesterhenrique,2020-01-13 22:51:12,2020,January,13,Monday,2020-01-13,22,Night
sylvesterhenrique,2020-01-13 22:49:43,2020,January,13,Monday,2020-01-13,22,Night
__ch3ll__,2020-01-11 14:47:23,2020,January,11,Saturday,2020-01-11,14,Afternoon
clarinhakasantos,2019-12-07 17:10:43,2019,December,7,Saturday,2019-12-07,17,Evening
sylvesterhenrique,2019-12-05 14:02:23,2019,December,5,Thursday,2019-12-05,14,Afternoon
__ch3ll__,2019-12-04 17:25:45,2019,December,4,Wednesday,2019-12-04,17,Evening
sylvesterhenrique,2019-12-04 15:05:09,2019,December,4,Wednesday,2019-12-04,15,Afternoon
editorasuma,2019-10-30 18:38:13,2019,October,30,Wednesday,2019-10-30,18,Evening
editorasuma,2019-10-30 18:38:07,2019,October,30,Wednesday,2019-10-30,18,Evening
matheusrocha,2019-10-27 02:28:28,2019,October,27,Sunday,2019-10-27,2,Late Night
roh_costa,2019-10-18 20:34:17,2019,October,18,Friday,2019-10-18,20,Evening
sylvesterhenrique,2019-10-14 23:42:35,2019,October,14,Monday,2019-10-14,23,Night
editoraaleph,2019-10-12 02:43:16,2019,October,12,Saturday,2019-10-12,2,Late Night
editoraaleph,2019-10-12 02:43:04,2019,October,12,Saturday,2019-10-12,2,Late Night
rosangelabrunsten,2019-10-08 03:20:46,2019,October,8,Tuesday,2019-10-08,3,Late Night
danywsbela,2019-10-06 03:19:00,2019,October,6,Sunday,2019-10-06,3,Late Night
iguglielmini,2019-10-06 03:14:02,2019,October,6,Sunday,2019-10-06,3,Late Night
nessaloes,2019-10-05 05:08:37,2019,October,5,Saturday,2019-10-05,5,Early Morning
louise_louisinha,2019-09-21 03:43:05,2019,September,21,Saturday,2019-09-21,3,Late Night
eli_glesias,2019-09-19 18:27:02,2019,September,19,Thursday,2019-09-19,18,Evening
eli_glesias,2019-09-19 15:03:21,2019,September,19,Thursday,2019-09-19,15,Afternoon
editorasuma,2019-09-13 16:07:25,2019,September,13,Friday,2019-09-13,16,Afternoon
editorasuma,2019-09-13 16:03:49,2019,September,13,Friday,2019-09-13,16,Afternoon
oinsurgente,2019-09-12 17:47:46,2019,September,12,Thursday,2019-09-12,17,Evening
oinsurgente,2019-09-12 17:39:12,2019,September,12,Thursday,2019-09-12,17,Evening
editorasuma,2019-09-10 00:56:16,2019,September,10,Tuesday,2019-09-10,0,Late Night
recitoversos_,2019-09-08 22:37:39,2019,September,8,Sunday,2019-09-08,22,Night
editorasuma,2019-09-06 20:45:25,2019,September,6,Friday,2019-09-06,20,Evening
editorasuma,2019-09-06 20:45:10,2019,September,6,Friday,2019-09-06,20,Evening
editorasuma,2019-09-06 20:44:59,2019,September,6,Friday,2019-09-06,20,Evening
nossoamorexiste,2019-08-28 02:20:16,2019,August,28,Wednesday,2019-08-28,2,Late Night
rosangelabrunsten,2019-08-21 23:58:55,2019,August,21,Wednesday,2019-08-21,23,Night
recifeordinario,2019-08-14 00:47:44,2019,August,14,Wednesday,2019-08-14,0,Late Night
manoel_uchoa,2019-08-13 19:57:54,2019,August,13,Tuesday,2019-08-13,19,Evening
murilocouto,2019-08-11 14:33:18,2019,August,11,Sunday,2019-08-11,14,Afternoon
hipsterrecifense,2019-08-05 00:41:49,2019,August,5,Monday,2019-08-05,0,Late Night
leomarquessoueu,2019-08-02 02:09:49,2019,August,2,Friday,2019-08-02,2,Late Night
_fofocalizandopina,2019-08-01 12:01:57,2019,August,1,Thursday,2019-08-01,12,Morning
reidostrocadilhos,2019-07-31 23:01:25,2019,July,31,Wednesday,2019-07-31,23,Night
sylvesterhenrique,2019-07-26 02:32:16,2019,July,26,Friday,2019-07-26,2,Late Night
__ch3ll__,2019-07-23 19:57:18,2019,July,23,Tuesday,2019-07-23,19,Evening
__ch3ll__,2019-07-23 19:56:24,2019,July,23,Tuesday,2019-07-23,19,Evening
__ch3ll__,2019-07-23 16:00:22,2019,July,23,Tuesday,2019-07-23,16,Afternoon
__ch3ll__,2019-07-23 13:53:55,2019,July,23,Tuesday,2019-07-23,13,Afternoon
recifeordinario,2019-07-22 01:33:33,2019,July,22,Monday,2019-07-22,1,Late Night
sylvesterhenrique,2019-07-20 02:31:17,2019,July,20,Saturday,2019-07-20,2,Late Night
victorleandro4.0,2019-07-19 22:20:49,2019,July,19,Friday,2019-07-19,22,Night
drhusseinawada,2019-07-19 02:34:24,2019,July,19,Friday,2019-07-19,2,Late Night
recifeordinario,2019-07-19 00:54:54,2019,July,19,Friday,2019-07-19,0,Late Night
sylvesterhenrique,2019-07-18 19:54:51,2019,July,18,Thursday,2019-07-18,19,Evening
chharlyss,2019-07-14 19:43:46,2019,July,14,Sunday,2019-07-14,19,Evening
recifeordinario,2019-07-12 16:40:58,2019,July,12,Friday,2019-07-12,16,Afternoon
__ch3ll__,2019-07-12 15:24:11,2019,July,12,Friday,2019-07-12,15,Afternoon
a.rafael.10,2019-07-12 04:08:41,2019,July,12,Friday,2019-07-12,4,Late Night
daniellakennia,2019-07-12 02:27:28,2019,July,12,Friday,2019-07-12,2,Late Night
tamisacosta,2019-07-11 23:42:48,2019,July,11,Thursday,2019-07-11,23,Night
naturando.store,2019-07-10 16:24:05,2019,July,10,Wednesday,2019-07-10,16,Afternoon
naturando.store,2019-07-10 13:45:18,2019,July,10,Wednesday,2019-07-10,13,Afternoon
institutopapai,2019-07-10 01:52:20,2019,July,10,Wednesday,2019-07-10,1,Late Night
poetasv,2019-07-09 12:31:12,2019,July,9,Tuesday,2019-07-09,12,Morning
da.arte,2019-07-06 04:02:54,2019,July,6,Saturday,2019-07-06,4,Late Night
clarinhakasantos,2019-07-03 15:10:37,2019,July,3,Wednesday,2019-07-03,15,Afternoon
clarinhakasantos,2019-07-03 14:12:15,2019,July,3,Wednesday,2019-07-03,14,Afternoon
bregabregoso,2019-06-30 17:30:41,2019,June,30,Sunday,2019-06-30,17,Evening
gifsgalerahumanas,2019-06-29 03:23:44,2019,June,29,Saturday,2019-06-29,3,Late Night
lourraiinee,2019-06-27 05:05:58,2019,June,27,Thursday,2019-06-27,5,Early Morning
sylvesterhenrique,2019-06-27 04:57:41,2019,June,27,Thursday,2019-06-27,4,Late Night
tvjornalsbt,2019-06-25 23:30:20,2019,June,25,Tuesday,2019-06-25,23,Night
sessaoderap,2019-06-25 16:37:39,2019,June,25,Tuesday,2019-06-25,16,Afternoon
diplomatiquebrasil,2019-06-25 03:48:53,2019,June,25,Tuesday,2019-06-25,3,Late Night
recifeordinario,2019-06-24 03:35:04,2019,June,24,Monday,2019-06-24,3,Late Night
kamilagiffoni,2019-06-24 00:16:07,2019,June,24,Monday,2019-06-24,0,Late Night
vitao,2019-06-22 20:48:07,2019,June,22,Saturday,2019-06-22,20,Evening
chelles3030,2019-06-22 03:19:30,2019,June,22,Saturday,2019-06-22,3,Late Night
chelles3030,2019-06-22 03:13:20,2019,June,22,Saturday,2019-06-22,3,Late Night
ogeovanimartins,2019-06-21 01:37:13,2019,June,21,Friday,2019-06-21,1,Late Night
recifeordinario,2019-06-20 12:36:12,2019,June,20,Thursday,2019-06-20,12,Morning
recifeordinario,2019-06-20 09:08:44,2019,June,20,Thursday,2019-06-20,9,Morning
recifeordinario,2019-06-20 04:17:27,2019,June,20,Thursday,2019-06-20,4,Late Night
cinemacomcritica,2019-06-20 03:01:18,2019,June,20,Thursday,2019-06-20,3,Late Night
kamilagiffoni,2019-06-19 23:41:05,2019,June,19,Wednesday,2019-06-19,23,Night
__ch3ll__,2019-06-19 13:52:45,2019,June,19,Wednesday,2019-06-19,13,Afternoon
ginecologistasincera,2019-06-18 03:55:17,2019,June,18,Tuesday,2019-06-18,3,Late Night
exercicioemcasa,2019-06-18 03:46:06,2019,June,18,Tuesday,2019-06-18,3,Late Night
sessaoderap,2019-06-17 18:58:42,2019,June,17,Monday,2019-06-17,18,Evening
poetasv,2019-06-17 15:51:10,2019,June,17,Monday,2019-06-17,15,Afternoon
fatosdouniverso,2019-06-17 03:43:24,2019,June,17,Monday,2019-06-17,3,Late Night
store.universoparalelo,2019-06-16 21:19:06,2019,June,16,Sunday,2019-06-16,21,Night
theourspace,2019-06-16 20:59:55,2019,June,16,Sunday,2019-06-16,20,Evening
eli_glesias,2019-06-16 20:55:49,2019,June,16,Sunday,2019-06-16,20,Evening
bregabregoso,2019-06-16 04:21:20,2019,June,16,Sunday,2019-06-16,4,Late Night
recifeordinario,2019-06-14 04:18:59,2019,June,14,Friday,2019-06-14,4,Late Night
djongador,2019-06-13 06:02:53,2019,June,13,Thursday,2019-06-13,6,Early Morning
leogandelman,2019-06-12 21:42:21,2019,June,12,Wednesday,2019-06-12,21,Night
rapcarai,2019-06-12 19:22:43,2019,June,12,Wednesday,2019-06-12,19,Evening
victorleandro4.0,2019-06-11 02:29:10,2019,June,11,Tuesday,2019-06-11,2,Late Night
__ch3ll__,2019-06-06 02:29:24,2019,June,6,Thursday,2019-06-06,2,Late Night
rosangelabrunsten,2019-06-06 02:11:20,2019,June,6,Thursday,2019-06-06,2,Late Night
__ch3ll__,2019-06-05 23:02:38,2019,June,5,Wednesday,2019-06-05,23,Night
__ch3ll__,2019-06-05 22:20:56,2019,June,5,Wednesday,2019-06-05,22,Night
__ch3ll__,2019-06-05 22:19:47,2019,June,5,Wednesday,2019-06-05,22,Night
__ch3ll__,2019-06-05 21:21:27,2019,June,5,Wednesday,2019-06-05,21,Night
__ch3ll__,2019-06-05 21:20:33,2019,June,5,Wednesday,2019-06-05,21,Night
andre_caetano84,2019-06-04 15:04:06,2019,June,4,Tuesday,2019-06-04,15,Afternoon
somosasnetasdasbruxas,2019-06-02 14:57:58,2019,June,2,Sunday,2019-06-02,14,Afternoon
3030oficial,2019-06-02 04:13:19,2019,June,2,Sunday,2019-06-02,4,Late Night
rai_sousajr,2019-05-31 16:05:47,2019,May,31,Friday,2019-05-31,16,Afternoon
__ch3ll__,2019-05-31 15:41:57,2019,May,31,Friday,2019-05-31,15,Afternoon
__ch3ll__,2019-05-31 14:25:43,2019,May,31,Friday,2019-05-31,14,Afternoon
__ch3ll__,2019-05-31 13:15:02,2019,May,31,Friday,2019-05-31,13,Afternoon
massafera,2019-05-31 13:06:32,2019,May,31,Friday,2019-05-31,13,Afternoon
massafera,2019-05-31 12:16:40,2019,May,31,Friday,2019-05-31,12,Morning
rafabrites,2019-05-31 05:21:57,2019,May,31,Friday,2019-05-31,5,Early Morning
omeuutero,2019-05-29 18:42:52,2019,May,29,Wednesday,2019-05-29,18,Evening
a.rafael.10,2019-05-28 19:58:13,2019,May,28,Tuesday,2019-05-28,19,Evening
ransomriggs,2019-05-28 18:33:16,2019,May,28,Tuesday,2019-05-28,18,Evening
ransomriggs,2019-05-28 18:22:09,2019,May,28,Tuesday,2019-05-28,18,Evening
wilcla_maedebiaebruna,2019-05-28 14:10:19,2019,May,28,Tuesday,2019-05-28,14,Afternoon
a.rafael.10,2019-05-28 14:09:20,2019,May,28,Tuesday,2019-05-28,14,Afternoon
arthurlira31,2019-05-27 23:44:23,2019,May,27,Monday,2019-05-27,23,Night
bregabregoso,2019-05-27 17:02:22,2019,May,27,Monday,2019-05-27,17,Evening
acervohistorico,2019-05-27 01:49:56,2019,May,27,Monday,2019-05-27,1,Late Night
andressa.vazz,2019-05-26 21:25:17,2019,May,26,Sunday,2019-05-26,21,Night
kelrycasado,2019-05-26 11:31:06,2019,May,26,Sunday,2019-05-26,11,Morning
kelrycasado,2019-05-25 02:36:32,2019,May,25,Saturday,2019-05-25,2,Late Night
sylvesterhenrique,2019-05-23 03:28:28,2019,May,23,Thursday,2019-05-23,3,Late Night
editoraelefante,2019-05-22 21:50:06,2019,May,22,Wednesday,2019-05-22,21,Night
revistacontinente,2019-05-22 19:28:52,2019,May,22,Wednesday,2019-05-22,19,Evening
_matheuspeleteiro,2019-05-20 20:54:51,2019,May,20,Monday,2019-05-20,20,Evening
sylvesterhenrique,2019-05-18 19:15:43,2019,May,18,Saturday,2019-05-18,19,Evening
virginianasevirginianos,2019-05-16 03:49:50,2019,May,16,Thursday,2019-05-16,3,Late Night
will_cmelo,2019-05-16 03:15:12,2019,May,16,Thursday,2019-05-16,3,Late Night
literarua_oficial,2019-05-11 17:43:01,2019,May,11,Saturday,2019-05-11,17,Evening
osceticos,2019-05-10 23:57:53,2019,May,10,Friday,2019-05-10,23,Night
hipsterrecifense,2019-05-08 21:25:55,2019,May,8,Wednesday,2019-05-08,21,Night
juniorconflito,2019-05-07 22:06:59,2019,May,7,Tuesday,2019-05-07,22,Night
__ch3ll__,2019-04-16 03:39:34,2019,April,16,Tuesday,2019-04-16,3,Late Night
esdras_gueiros,2019-04-15 01:40:31,2019,April,15,Monday,2019-04-15,1,Late Night
eli_glesias,2019-04-10 12:05:46,2019,April,10,Wednesday,2019-04-10,12,Morning
clarinhakasantos,2019-04-04 02:21:14,2019,April,4,Thursday,2019-04-04,2,Late Night
cocadadesalll,2019-04-03 00:59:14,2019,April,3,Wednesday,2019-04-03,0,Late Night
clarinhakasantos,2019-04-03 00:58:32,2019,April,3,Wednesday,2019-04-03,0,Late Night
clarinhakasantos,2019-04-03 00:58:11,2019,April,3,Wednesday,2019-04-03,0,Late Night
clarinhakasantos,2019-04-03 00:57:44,2019,April,3,Wednesday,2019-04-03,0,Late Night
pollypimenttel,2019-03-31 22:20:13,2019,March,31,Sunday,2019-03-31,22,Night
rosangelabrunsten,2019-03-25 17:17:25,2019,March,25,Monday,2019-03-25,17,Evening
maiatravis,2019-03-24 13:55:51,2019,March,24,Sunday,2019-03-24,13,Afternoon
__ch3ll__,2019-03-23 01:50:32,2019,March,23,Saturday,2019-03-23,1,Late Night
__ch3ll__,2019-03-23 01:44:22,2019,March,23,Saturday,2019-03-23,1,Late Night
__ch3ll__,2019-03-23 01:44:13,2019,March,23,Saturday,2019-03-23,1,Late Night
__ch3ll__,2019-03-23 01:44:02,2019,March,23,Saturday,2019-03-23,1,Late Night
__ch3ll__,2019-03-23 01:43:08,2019,March,23,Saturday,2019-03-23,1,Late Night
sociro,2019-03-22 03:45:14,2019,March,22,Friday,2019-03-22,3,Late Night
mcorreia76,2019-03-21 15:02:42,2019,March,21,Thursday,2019-03-21,15,Afternoon
mcorreia76,2019-03-21 10:32:46,2019,March,21,Thursday,2019-03-21,10,Morning
criolomc,2019-03-19 16:32:30,2019,March,19,Tuesday,2019-03-19,16,Afternoon
sylvesterhenrique,2019-03-19 16:30:42,2019,March,19,Tuesday,2019-03-19,16,Afternoon
denislima0,2019-03-17 16:10:40,2019,March,17,Sunday,2019-03-17,16,Afternoon
criolomc,2019-03-17 16:04:03,2019,March,17,Sunday,2019-03-17,16,Afternoon
sincerooficial,2019-03-16 04:05:12,2019,March,16,Saturday,2019-03-16,4,Late Night
_letrasderap,2019-03-16 01:26:16,2019,March,16,Saturday,2019-03-16,1,Late Night
leticialetrux,2019-03-14 04:04:52,2019,March,14,Thursday,2019-03-14,4,Late Night
recifeordinario,2019-03-11 02:08:14,2019,March,11,Monday,2019-03-11,2,Late Night
talita.persi,2019-03-10 22:30:06,2019,March,10,Sunday,2019-03-10,22,Night
uma.dose.de.caos,2019-03-10 16:30:18,2019,March,10,Sunday,2019-03-10,16,Afternoon
__ch3ll__,2019-03-08 23:20:09,2019,March,8,Friday,2019-03-08,23,Night
__ch3ll__,2019-03-08 20:38:55,2019,March,8,Friday,2019-03-08,20,Evening
__ch3ll__,2019-03-08 20:38:25,2019,March,8,Friday,2019-03-08,20,Evening
__ch3ll__,2019-03-08 15:33:28,2019,March,8,Friday,2019-03-08,15,Afternoon
rodrigueesss_sandra,2019-03-08 14:14:26,2019,March,8,Friday,2019-03-08,14,Afternoon
__ch3ll__,2019-03-08 14:09:56,2019,March,8,Friday,2019-03-08,14,Afternoon
__ch3ll__,2019-03-08 14:09:29,2019,March,8,Friday,2019-03-08,14,Afternoon
soueunavida,2019-03-07 04:47:25,2019,March,7,Thursday,2019-03-07,4,Late Night
kamilagiffoni,2019-03-07 00:10:34,2019,March,7,Thursday,2019-03-07,0,Late Night
kamilagiffoni,2019-03-06 23:51:01,2019,March,6,Wednesday,2019-03-06,23,Night
cleyson.erasmo,2019-03-06 14:02:38,2019,March,6,Wednesday,2019-03-06,14,Afternoon
tamisacosta,2019-03-05 23:21:16,2019,March,5,Tuesday,2019-03-05,23,Night
rai_sousajr,2019-03-04 20:07:35,2019,March,4,Monday,2019-03-04,20,Evening
rodrigueesss_sandra,2019-03-04 19:59:03,2019,March,4,Monday,2019-03-04,19,Evening
rodrigueesss_sandra,2019-03-04 19:54:04,2019,March,4,Monday,2019-03-04,19,Evening
rai_sousajr,2019-03-03 23:59:18,2019,March,3,Sunday,2019-03-03,23,Night
rai_sousajr,2019-03-02 22:26:07,2019,March,2,Saturday,2019-03-02,22,Night
tamisacosta,2019-03-02 20:13:35,2019,March,2,Saturday,2019-03-02,20,Evening
sincerooficial,2019-02-25 02:16:26,2019,February,25,Monday,2019-02-25,2,Late Night
theresalightband,2019-02-20 03:03:38,2019,February,20,Wednesday,2019-02-20,3,Late Night
rubelrubelrubel,2019-02-16 03:33:43,2019,February,16,Saturday,2019-02-16,3,Late Night
sylvesterhenrique,2019-02-15 05:19:21,2019,February,15,Friday,2019-02-15,5,Early Morning
omeuutero,2019-02-14 16:11:04,2019,February,14,Thursday,2019-02-14,16,Afternoon
teslamotors,2019-02-14 03:37:24,2019,February,14,Thursday,2019-02-14,3,Late Night
universodosleitores,2019-02-13 04:08:25,2019,February,13,Wednesday,2019-02-13,4,Late Night
manoel_uchoa,2019-02-06 15:35:07,2019,February,6,Wednesday,2019-02-06,15,Afternoon
nanialima06,2019-01-26 01:36:28,2019,January,26,Saturday,2019-01-26,1,Late Night
rosangelabrunsten,2019-01-24 15:53:58,2019,January,24,Thursday,2019-01-24,15,Afternoon
bregabregoso,2019-01-21 05:09:05,2019,January,21,Monday,2019-01-21,5,Early Morning
serjtankian,2019-01-19 04:10:15,2019,January,19,Saturday,2019-01-19,4,Late Night
martelo_nietzsche,2019-01-16 01:45:49,2019,January,16,Wednesday,2019-01-16,1,Late Night
tamisacosta,2019-01-11 01:40:39,2019,January,11,Friday,2019-01-11,1,Late Night
roh_costa,2019-01-06 04:00:27,2019,January,6,Sunday,2019-01-06,4,Late Night
tamisacosta,2019-01-02 14:57:06,2019,January,2,Wednesday,2019-01-02,14,Afternoon
victorleandro4.0,2019-01-01 19:53:57,2019,January,1,Tuesday,2019-01-01,19,Evening
oinsurgente,2018-12-31 14:38:57,2018,December,31,Monday,2018-12-31,14,Afternoon
sylvesterhenrique,2018-12-28 03:26:02,2018,December,28,Friday,2018-12-28,3,Late Night
sylvesterhenrique,2018-12-27 13:57:51,2018,December,27,Thursday,2018-12-27,13,Afternoon
morganalunabolos,2018-12-25 17:02:08,2018,December,25,Tuesday,2018-12-25,17,Evening
kassandrasa,2018-12-25 04:02:30,2018,December,25,Tuesday,2018-12-25,4,Late Night
nanialima06,2018-12-25 02:32:51,2018,December,25,Tuesday,2018-12-25,2,Late Night
nanialima06,2018-12-25 02:16:12,2018,December,25,Tuesday,2018-12-25,2,Late Night
academiak9,2018-12-22 14:06:55,2018,December,22,Saturday,2018-12-22,14,Afternoon
robsonanselmotavares,2018-12-14 02:20:03,2018,December,14,Friday,2018-12-14,2,Late Night
bregabregoso,2018-12-11 03:14:19,2018,December,11,Tuesday,2018-12-11,3,Late Night
bregabregoso,2018-12-11 02:07:36,2018,December,11,Tuesday,2018-12-11,2,Late Night
juniorsenas,2018-12-09 22:01:07,2018,December,9,Sunday,2018-12-09,22,Night
rai_sousajr,2018-12-07 14:37:37,2018,December,7,Friday,2018-12-07,14,Afternoon
recifeordinario,2018-12-05 12:52:04,2018,December,5,Wednesday,2018-12-05,12,Morning
recifeordinario,2018-12-03 20:45:34,2018,December,3,Monday,2018-12-03,20,Evening
daniellakennia,2018-12-03 12:12:19,2018,December,3,Monday,2018-12-03,12,Morning
officialtomellis,2018-12-03 00:28:07,2018,December,3,Monday,2018-12-03,0,Late Night
kamilagiffoni,2018-11-30 23:19:02,2018,November,30,Friday,2018-11-30,23,Night
manevaoficial,2018-11-26 19:51:27,2018,November,26,Monday,2018-11-26,19,Evening
oinsurgente,2018-11-24 02:53:36,2018,November,24,Saturday,2018-11-24,2,Late Night
ronantardin,2018-11-22 11:27:34,2018,November,22,Thursday,2018-11-22,11,Morning
marcmartel,2018-11-22 07:31:12,2018,November,22,Thursday,2018-11-22,7,Early Morning
nutricionista_carolfaria,2018-11-21 15:00:42,2018,November,21,Wednesday,2018-11-21,15,Afternoon
bregabregoso,2018-11-20 02:38:25,2018,November,20,Tuesday,2018-11-20,2,Late Night
talesmaneva,2018-11-16 05:01:48,2018,November,16,Friday,2018-11-16,5,Early Morning
deyvisonfsilva,2018-11-15 03:24:37,2018,November,15,Thursday,2018-11-15,3,Late Night
historialiberta,2018-11-15 02:58:51,2018,November,15,Thursday,2018-11-15,2,Late Night
jojodarcmarques,2018-11-14 21:11:14,2018,November,14,Wednesday,2018-11-14,21,Night
chelles3030,2018-11-14 02:07:19,2018,November,14,Wednesday,2018-11-14,2,Late Night
daniellakennia,2018-11-14 01:18:46,2018,November,14,Wednesday,2018-11-14,1,Late Night
zeronamekay,2018-11-13 04:24:25,2018,November,13,Tuesday,2018-11-13,4,Late Night
sincerooficial,2018-11-10 03:04:46,2018,November,10,Saturday,2018-11-10,3,Late Night
talita.persi,2018-11-10 02:20:34,2018,November,10,Saturday,2018-11-10,2,Late Night
talita.persi,2018-11-10 01:57:33,2018,November,10,Saturday,2018-11-10,1,Late Night
becodaspichacoes,2018-11-08 03:01:57,2018,November,8,Thursday,2018-11-08,3,Late Night
verdades_quase_secretas,2018-11-08 02:53:11,2018,November,8,Thursday,2018-11-08,2,Late Night
ezatamentchy,2018-11-06 04:22:42,2018,November,6,Tuesday,2018-11-06,4,Late Night
bnegaooficial,2018-11-06 03:54:16,2018,November,6,Tuesday,2018-11-06,3,Late Night
rai_sousajr,2018-11-02 03:00:56,2018,November,2,Friday,2018-11-02,3,Late Night
manevaoficial,2018-11-01 00:36:32,2018,November,1,Thursday,2018-11-01,0,Late Night
akapoeta,2018-10-31 23:49:43,2018,October,31,Wednesday,2018-10-31,23,Night
digaoraimundos,2018-10-31 20:10:31,2018,October,31,Wednesday,2018-10-31,20,Evening
pragmatismopolitico,2018-10-31 17:05:49,2018,October,31,Wednesday,2018-10-31,17,Evening
midianinja,2018-10-31 14:37:11,2018,October,31,Wednesday,2018-10-31,14,Afternoon
sylvesterhenrique,2018-10-29 13:15:07,2018,October,29,Monday,2018-10-29,13,Afternoon
midianinja,2018-10-29 11:19:56,2018,October,29,Monday,2018-10-29,11,Morning
valterhugomae,2018-10-28 10:33:07,2018,October,28,Sunday,2018-10-28,10,Morning
samuelrosaoficial,2018-10-28 10:19:53,2018,October,28,Sunday,2018-10-28,10,Morning
miklospaulo,2018-10-28 02:23:17,2018,October,28,Sunday,2018-10-28,2,Late Night
vlady_snow,2018-10-28 01:21:06,2018,October,28,Sunday,2018-10-28,1,Late Night
josepaesdelira_lirinha,2018-10-27 13:19:31,2018,October,27,Saturday,2018-10-27,13,Afternoon
midianinja,2018-10-27 02:28:18,2018,October,27,Saturday,2018-10-27,2,Late Night
midianinja,2018-10-26 02:41:13,2018,October,26,Friday,2018-10-26,2,Late Night
fernandohaddadoficial,2018-10-25 03:08:16,2018,October,25,Thursday,2018-10-25,3,Late Night
elasalt,2018-10-23 20:19:07,2018,October,23,Tuesday,2018-10-23,20,Evening
rai_sousajr,2018-10-23 14:06:20,2018,October,23,Tuesday,2018-10-23,14,Afternoon
criolomc,2018-10-23 12:45:30,2018,October,23,Tuesday,2018-10-23,12,Morning
xuxameneghel,2018-10-23 12:32:38,2018,October,23,Tuesday,2018-10-23,12,Morning
eli_glesias,2018-10-23 12:29:15,2018,October,23,Tuesday,2018-10-23,12,Morning
recifeordinario,2018-10-22 12:22:30,2018,October,22,Monday,2018-10-22,12,Morning
esterluna18,2018-10-22 01:59:01,2018,October,22,Monday,2018-10-22,1,Late Night
d3nny5_sde,2018-10-22 00:46:16,2018,October,22,Monday,2018-10-22,0,Late Night
criolomc,2018-10-22 00:28:19,2018,October,22,Monday,2018-10-22,0,Late Night
zeronamekay,2018-10-21 17:06:49,2018,October,21,Sunday,2018-10-21,17,Evening
revistatpm,2018-10-21 15:55:07,2018,October,21,Sunday,2018-10-21,15,Afternoon
belagil,2018-10-21 14:55:25,2018,October,21,Sunday,2018-10-21,14,Afternoon
iza,2018-10-20 01:49:28,2018,October,20,Saturday,2018-10-20,1,Late Night
simonemenezessalao,2018-10-18 01:49:04,2018,October,18,Thursday,2018-10-18,1,Late Night
sylvesterhenrique,2018-10-17 10:37:05,2018,October,17,Wednesday,2018-10-17,10,Morning
serjtankian,2018-10-17 01:17:15,2018,October,17,Wednesday,2018-10-17,1,Late Night
swagdancemcz,2018-10-16 23:07:00,2018,October,16,Tuesday,2018-10-16,23,Night
ginaindelicada,2018-10-16 16:15:18,2018,October,16,Tuesday,2018-10-16,16,Afternoon
__ch3ll__,2018-10-16 01:07:15,2018,October,16,Tuesday,2018-10-16,1,Late Night
__ch3ll__,2018-10-16 01:00:43,2018,October,16,Tuesday,2018-10-16,1,Late Night
__ch3ll__,2018-10-16 01:00:23,2018,October,16,Tuesday,2018-10-16,1,Late Night
__ch3ll__,2018-10-16 00:59:00,2018,October,16,Tuesday,2018-10-16,0,Late Night
__ch3ll__,2018-10-16 00:49:31,2018,October,16,Tuesday,2018-10-16,0,Late Night
__ch3ll__,2018-10-16 00:34:33,2018,October,16,Tuesday,2018-10-16,0,Late Night
__ch3ll__,2018-10-16 00:32:52,2018,October,16,Tuesday,2018-10-16,0,Late Night
adrielle_murielle,2018-10-15 21:31:13,2018,October,15,Monday,2018-10-15,21,Night
rai_sousajr,2018-10-15 15:25:10,2018,October,15,Monday,2018-10-15,15,Afternoon
acidalia_garcia,2018-10-14 16:24:56,2018,October,14,Sunday,2018-10-14,16,Afternoon
reginaduarte,2018-10-13 04:25:52,2018,October,13,Saturday,2018-10-13,4,Late Night
sylvesterhenrique,2018-10-12 01:25:50,2018,October,12,Friday,2018-10-12,1,Late Night
will_cmelo,2018-10-11 02:57:51,2018,October,11,Thursday,2018-10-11,2,Late Night
alcionealves27,2018-10-09 20:23:08,2018,October,9,Tuesday,2018-10-09,20,Evening
omelete,2018-10-09 17:23:06,2018,October,9,Tuesday,2018-10-09,17,Evening
verdades_quase_secretas,2018-10-09 12:33:34,2018,October,9,Tuesday,2018-10-09,12,Morning
tainamuller,2018-10-09 12:19:15,2018,October,9,Tuesday,2018-10-09,12,Morning
rossiclea,2018-10-08 21:29:33,2018,October,8,Monday,2018-10-08,21,Night
manoel_uchoa,2018-10-08 14:00:17,2018,October,8,Monday,2018-10-08,14,Afternoon
ciropresidente12,2018-10-08 13:01:52,2018,October,8,Monday,2018-10-08,13,Afternoon
bregabregoso,2018-10-08 12:52:44,2018,October,8,Monday,2018-10-08,12,Morning
rai_sousajr,2018-10-08 10:07:03,2018,October,8,Monday,2018-10-08,10,Morning
manoel_uchoa,2018-10-08 04:02:05,2018,October,8,Monday,2018-10-08,4,Late Night
ciropresidente12,2018-10-08 03:56:57,2018,October,8,Monday,2018-10-08,3,Late Night
cleyson.erasmo,2018-10-07 19:16:13,2018,October,7,Sunday,2018-10-07,19,Evening
manoel_uchoa,2018-10-07 13:02:30,2018,October,7,Sunday,2018-10-07,13,Afternoon
oinsurgente,2018-10-06 19:46:22,2018,October,6,Saturday,2018-10-06,19,Evening
taciana21_o,2018-10-06 19:33:32,2018,October,6,Saturday,2018-10-06,19,Evening
ciropresidente12,2018-10-06 19:32:33,2018,October,6,Saturday,2018-10-06,19,Evening
midianinja,2018-10-06 16:17:46,2018,October,6,Saturday,2018-10-06,16,Afternoon
mariaaribeiro,2018-10-05 11:49:21,2018,October,5,Friday,2018-10-05,11,Morning
tamisacosta,2018-10-05 03:32:49,2018,October,5,Friday,2018-10-05,3,Late Night
cirogomes,2018-10-05 01:35:53,2018,October,5,Friday,2018-10-05,1,Late Night
sincerooficial,2018-10-05 01:19:21,2018,October,5,Friday,2018-10-05,1,Late Night
robsonanselmotavares,2018-10-05 00:31:02,2018,October,5,Friday,2018-10-05,0,Late Night
recifeordinario,2018-10-04 19:49:17,2018,October,4,Thursday,2018-10-04,19,Evening
ezatamentchy,2018-10-04 19:41:07,2018,October,4,Thursday,2018-10-04,19,Evening
morganalunabolos,2018-10-04 19:31:03,2018,October,4,Thursday,2018-10-04,19,Evening
manevaoficial,2018-10-04 15:43:55,2018,October,4,Thursday,2018-10-04,15,Afternoon
joaoquirino,2018-10-04 15:23:54,2018,October,4,Thursday,2018-10-04,15,Afternoon
cirogomes,2018-10-04 02:40:40,2018,October,4,Thursday,2018-10-04,2,Late Night
omelete,2018-10-04 02:39:04,2018,October,4,Thursday,2018-10-04,2,Late Night
omeuutero,2018-10-04 00:56:49,2018,October,4,Thursday,2018-10-04,0,Late Night
nazareamarga,2018-10-03 02:39:48,2018,October,3,Wednesday,2018-10-03,2,Late Night
bodegaiato,2018-10-02 02:33:32,2018,October,2,Tuesday,2018-10-02,2,Late Night
ezatamentchy,2018-10-01 15:29:03,2018,October,1,Monday,2018-10-01,15,Afternoon
luccas._.alves,2018-10-01 14:08:00,2018,October,1,Monday,2018-10-01,14,Afternoon
marianagoldfarb,2018-10-01 03:58:30,2018,October,1,Monday,2018-10-01,3,Late Night
sertanejopub,2018-09-30 04:38:58,2018,September,30,Sunday,2018-09-30,4,Late Night
rai_sousajr,2018-09-30 00:51:02,2018,September,30,Sunday,2018-09-30,0,Late Night
rai_sousajr,2018-09-30 00:50:40,2018,September,30,Sunday,2018-09-30,0,Late Night
bregabregoso,2018-09-29 23:05:15,2018,September,29,Saturday,2018-09-29,23,Night
liviasalves,2018-09-29 01:46:18,2018,September,29,Saturday,2018-09-29,1,Late Night
brunamalheiros,2018-09-29 01:21:18,2018,September,29,Saturday,2018-09-29,1,Late Night
brunamalheiros,2018-09-29 00:00:05,2018,September,29,Saturday,2018-09-29,0,Late Night
chegadejurosabusivos,2018-09-28 10:24:50,2018,September,28,Friday,2018-09-28,10,Morning
portaldadanca,2018-09-27 23:38:58,2018,September,27,Thursday,2018-09-27,23,Night
swagdancemcz,2018-09-27 20:53:29,2018,September,27,Thursday,2018-09-27,20,Evening
rosangelabrunsten,2018-09-27 17:34:45,2018,September,27,Thursday,2018-09-27,17,Evening
rosangelabrunsten,2018-09-27 16:36:56,2018,September,27,Thursday,2018-09-27,16,Afternoon
chegadejurosabusivos,2018-09-27 11:41:12,2018,September,27,Thursday,2018-09-27,11,Morning
zenetoecristiano,2018-09-27 00:12:57,2018,September,27,Thursday,2018-09-27,0,Late Night
trlacerda,2018-09-26 21:05:26,2018,September,26,Wednesday,2018-09-26,21,Night
bodegaiato,2018-09-26 18:48:03,2018,September,26,Wednesday,2018-09-26,18,Evening
filhasdefrida,2018-09-26 18:47:13,2018,September,26,Wednesday,2018-09-26,18,Evening
atitude67,2018-09-26 11:48:52,2018,September,26,Wednesday,2018-09-26,11,Morning
zeliaduncan,2018-09-26 11:40:25,2018,September,26,Wednesday,2018-09-26,11,Morning
tamisacosta,2018-09-26 11:38:59,2018,September,26,Wednesday,2018-09-26,11,Morning
atitude67,2018-09-26 04:41:45,2018,September,26,Wednesday,2018-09-26,4,Late Night
portal.anitta,2018-09-26 04:31:50,2018,September,26,Wednesday,2018-09-26,4,Late Night
tamisacosta,2018-09-26 03:48:13,2018,September,26,Wednesday,2018-09-26,3,Late Night
recifeordinario,2018-09-25 23:29:47,2018,September,25,Tuesday,2018-09-25,23,Night
recifeordinario,2018-09-25 23:20:11,2018,September,25,Tuesday,2018-09-25,23,Night
talesmaneva,2018-09-25 22:25:15,2018,September,25,Tuesday,2018-09-25,22,Night
joanaeela,2018-09-25 16:53:25,2018,September,25,Tuesday,2018-09-25,16,Afternoon
avidacomaendo,2018-09-25 16:45:13,2018,September,25,Tuesday,2018-09-25,16,Afternoon
rai_sousajr,2018-09-25 16:38:31,2018,September,25,Tuesday,2018-09-25,16,Afternoon
nazareamarga,2018-09-25 02:15:28,2018,September,25,Tuesday,2018-09-25,2,Late Night
sintonizoufrases,2018-09-24 21:25:55,2018,September,24,Monday,2018-09-24,21,Night
raimundosrock,2018-09-24 19:26:55,2018,September,24,Monday,2018-09-24,19,Evening
5aseco,2018-09-24 18:25:07,2018,September,24,Monday,2018-09-24,18,Evening
hipsterrecifense,2018-09-22 17:34:22,2018,September,22,Saturday,2018-09-22,17,Evening
brcretinas,2018-09-21 21:47:19,2018,September,21,Friday,2018-09-21,21,Night
joaoquirino,2018-09-21 16:13:05,2018,September,21,Friday,2018-09-21,16,Afternoon
omeuutero,2018-09-20 18:06:00,2018,September,20,Thursday,2018-09-20,18,Evening
omeuutero,2018-09-20 18:05:02,2018,September,20,Thursday,2018-09-20,18,Evening
recifeordinario,2018-09-20 14:27:19,2018,September,20,Thursday,2018-09-20,14,Afternoon
recifeordinario,2018-09-20 14:26:29,2018,September,20,Thursday,2018-09-20,14,Afternoon
sincerooficial,2018-09-20 10:40:19,2018,September,20,Thursday,2018-09-20,10,Morning
jerrysmithoficial,2018-09-19 22:15:04,2018,September,19,Wednesday,2018-09-19,22,Night
laurengerman,2018-09-19 16:42:33,2018,September,19,Wednesday,2018-09-19,16,Afternoon
acidalia_garcia,2018-09-19 14:57:57,2018,September,19,Wednesday,2018-09-19,14,Afternoon
nazareamarga,2018-09-19 13:09:16,2018,September,19,Wednesday,2018-09-19,13,Afternoon
bodegaiato,2018-09-18 22:04:28,2018,September,18,Tuesday,2018-09-18,22,Night
midianinja,2018-09-18 21:51:05,2018,September,18,Tuesday,2018-09-18,21,Night
irmazuleideoficial,2018-09-18 21:50:22,2018,September,18,Tuesday,2018-09-18,21,Night
liviaandradereal,2018-09-18 21:11:57,2018,September,18,Tuesday,2018-09-18,21,Night
midianinja,2018-09-18 21:00:14,2018,September,18,Tuesday,2018-09-18,21,Night
araujovivianne,2018-09-18 20:53:38,2018,September,18,Tuesday,2018-09-18,20,Evening
hugogloss,2018-09-18 20:51:25,2018,September,18,Tuesday,2018-09-18,20,Evening
manueladavila,2018-09-18 18:25:40,2018,September,18,Tuesday,2018-09-18,18,Evening
manueladavila,2018-09-18 18:24:45,2018,September,18,Tuesday,2018-09-18,18,Evening
filhasdefrida,2018-09-18 18:24:16,2018,September,18,Tuesday,2018-09-18,18,Evening
nutricionista_carolfaria,2018-09-18 17:35:36,2018,September,18,Tuesday,2018-09-18,17,Evening
irmazuleideoficial,2018-09-18 10:39:31,2018,September,18,Tuesday,2018-09-18,10,Morning
zenetoecristiano,2018-09-18 00:32:17,2018,September,18,Tuesday,2018-09-18,0,Late Night
fabioassuncaooficial,2018-09-17 19:34:18,2018,September,17,Monday,2018-09-17,19,Evening
chandellybraz,2018-09-17 18:10:02,2018,September,17,Monday,2018-09-17,18,Evening
luccas._.alves,2018-09-17 15:26:11,2018,September,17,Monday,2018-09-17,15,Afternoon
luccas._.alves,2018-09-17 15:16:40,2018,September,17,Monday,2018-09-17,15,Afternoon
rafaavitti,2018-09-17 11:42:23,2018,September,17,Monday,2018-09-17,11,Morning
brcretinas,2018-09-17 01:34:07,2018,September,17,Monday,2018-09-17,1,Late Night
ezatamentchy,2018-09-16 22:35:24,2018,September,16,Sunday,2018-09-16,22,Night
portaldadanca,2018-09-16 22:21:02,2018,September,16,Sunday,2018-09-16,22,Night
zeronamekay,2018-09-16 04:38:19,2018,September,16,Sunday,2018-09-16,4,Late Night
verdades_quase_secretas,2018-09-16 01:38:11,2018,September,16,Sunday,2018-09-16,1,Late Night
netflixbrasil,2018-09-15 23:38:25,2018,September,15,Saturday,2018-09-15,23,Night
jorgedupeixe,2018-09-15 23:35:49,2018,September,15,Saturday,2018-09-15,23,Night
zeronamekay,2018-09-15 23:28:07,2018,September,15,Saturday,2018-09-15,23,Night
akapoeta,2018-09-15 21:14:18,2018,September,15,Saturday,2018-09-15,21,Night
editora_alfaguara,2018-09-14 21:16:05,2018,September,14,Friday,2018-09-14,21,Night
fepaesleme,2018-09-14 19:56:07,2018,September,14,Friday,2018-09-14,19,Evening
brcretinas,2018-09-14 00:16:57,2018,September,14,Friday,2018-09-14,0,Late Night
marianagoldfarb,2018-09-14 00:12:36,2018,September,14,Friday,2018-09-14,0,Late Night
sincerooficial,2018-09-13 16:26:59,2018,September,13,Thursday,2018-09-13,16,Afternoon
ezatamentchy,2018-09-13 13:19:48,2018,September,13,Thursday,2018-09-13,13,Afternoon
bodegaiato,2018-09-12 23:22:02,2018,September,12,Wednesday,2018-09-12,23,Night
trilheiros_chapada_diamantina,2018-09-12 17:48:15,2018,September,12,Wednesday,2018-09-12,17,Evening
trlacerda,2018-09-12 09:55:31,2018,September,12,Wednesday,2018-09-12,9,Morning
irmazuleideoficial,2018-09-11 18:18:51,2018,September,11,Tuesday,2018-09-11,18,Evening
karinabuhr,2018-09-11 17:27:01,2018,September,11,Tuesday,2018-09-11,17,Evening
irmazuleideoficial,2018-09-10 23:56:35,2018,September,10,Monday,2018-09-10,23,Night
ponchohd,2018-09-10 22:39:19,2018,September,10,Monday,2018-09-10,22,Night
editoraaleph,2018-09-10 21:46:00,2018,September,10,Monday,2018-09-10,21,Night
vaiquecola1,2018-09-10 12:03:27,2018,September,10,Monday,2018-09-10,12,Morning
palomaduarteoficial,2018-09-10 12:03:06,2018,September,10,Monday,2018-09-10,12,Morning
rodrigomarim,2018-09-09 14:02:38,2018,September,9,Sunday,2018-09-09,14,Afternoon
trechosdelivro,2018-09-09 02:14:53,2018,September,9,Sunday,2018-09-09,2,Late Night
bregabregoso,2018-09-06 15:51:54,2018,September,6,Thursday,2018-09-06,15,Afternoon
hipsterrecifense,2018-09-06 15:18:48,2018,September,6,Thursday,2018-09-06,15,Afternoon
bregabregoso,2018-09-06 10:40:20,2018,September,6,Thursday,2018-09-06,10,Morning
favorecidas,2018-09-05 21:44:24,2018,September,5,Wednesday,2018-09-05,21,Night
bregabregoso,2018-09-05 16:30:07,2018,September,5,Wednesday,2018-09-05,16,Afternoon
alcionealves27,2018-09-05 11:03:09,2018,September,5,Wednesday,2018-09-05,11,Morning
brcretinas,2018-09-05 10:11:54,2018,September,5,Wednesday,2018-09-05,10,Morning
alcionealves27,2018-09-04 16:36:49,2018,September,4,Tuesday,2018-09-04,16,Afternoon
revistaforum,2018-09-04 16:19:29,2018,September,4,Tuesday,2018-09-04,16,Afternoon
lulusantosoficial,2018-09-04 03:59:58,2018,September,4,Tuesday,2018-09-04,3,Late Night
rodrigomarim,2018-09-04 02:07:06,2018,September,4,Tuesday,2018-09-04,2,Late Night
jovemadm,2018-09-04 01:23:26,2018,September,4,Tuesday,2018-09-04,1,Late Night
marianagoldfarb,2018-09-04 00:57:07,2018,September,4,Tuesday,2018-09-04,0,Late Night
brunagriphaoo,2018-09-04 00:53:32,2018,September,4,Tuesday,2018-09-04,0,Late Night
deborahewbank8888,2018-09-03 23:32:45,2018,September,3,Monday,2018-09-03,23,Night
ricardo_japinha,2018-09-03 23:26:23,2018,September,3,Monday,2018-09-03,23,Night
virginianasevirginianos,2018-09-03 21:45:12,2018,September,3,Monday,2018-09-03,21,Night
mclomaofficial,2018-09-03 21:32:52,2018,September,3,Monday,2018-09-03,21,Night
virginianasevirginianos,2018-09-03 20:09:54,2018,September,3,Monday,2018-09-03,20,Evening
portal.anitta,2018-09-03 18:51:10,2018,September,3,Monday,2018-09-03,18,Evening
portal.anitta,2018-09-03 18:00:45,2018,September,3,Monday,2018-09-03,18,Evening
recifeordinario,2018-09-03 17:15:13,2018,September,3,Monday,2018-09-03,17,Evening
recifeordinario,2018-09-03 16:23:31,2018,September,3,Monday,2018-09-03,16,Afternoon
sincerooficial,2018-09-03 06:16:22,2018,September,3,Monday,2018-09-03,6,Early Morning
lucianagimenez,2018-09-02 03:24:59,2018,September,2,Sunday,2018-09-02,3,Late Night
quebrandootabu,2018-09-01 20:10:49,2018,September,1,Saturday,2018-09-01,20,Evening
omeuutero,2018-09-01 13:20:29,2018,September,1,Saturday,2018-09-01,13,Afternoon
ginecologistasincera,2018-09-01 03:34:48,2018,September,1,Saturday,2018-09-01,3,Late Night
bodegaiato,2018-09-01 03:22:39,2018,September,1,Saturday,2018-09-01,3,Late Night
revistaforum,2018-08-29 22:31:43,2018,August,29,Wednesday,2018-08-29,22,Night
marianagoldfarb,2018-08-29 14:07:52,2018,August,29,Wednesday,2018-08-29,14,Afternoon
nutricionista_carolfaria,2018-08-27 20:57:16,2018,August,27,Monday,2018-08-27,20,Evening
nutricionista_carolfaria,2018-08-25 18:55:59,2018,August,25,Saturday,2018-08-25,18,Evening
danielcady,2018-08-25 18:54:26,2018,August,25,Saturday,2018-08-25,18,Evening
comet_the_cutie,2018-08-25 03:25:34,2018,August,25,Saturday,2018-08-25,3,Late Night
netflixbrasil,2018-08-25 03:22:57,2018,August,25,Saturday,2018-08-25,3,Late Night
iza,2018-08-25 03:21:57,2018,August,25,Saturday,2018-08-25,3,Late Night
robsonanselmotavares,2018-08-25 03:20:35,2018,August,25,Saturday,2018-08-25,3,Late Night
oficialkellykey,2018-08-21 12:35:20,2018,August,21,Tuesday,2018-08-21,12,Morning
leonardo,2018-08-21 12:31:24,2018,August,21,Tuesday,2018-08-21,12,Morning
adanivalente,2018-08-21 03:31:13,2018,August,21,Tuesday,2018-08-21,3,Late Night
danielcady,2018-08-21 02:37:47,2018,August,21,Tuesday,2018-08-21,2,Late Night
sincerooficial,2018-08-21 02:35:03,2018,August,21,Tuesday,2018-08-21,2,Late Night
ricardobsa,2018-08-17 11:15:56,2018,August,17,Friday,2018-08-17,11,Morning
amoresexo,2018-08-17 04:08:08,2018,August,17,Friday,2018-08-17,4,Late Night
omeuutero,2018-08-17 03:52:50,2018,August,17,Friday,2018-08-17,3,Late Night
omeuutero,2018-08-17 03:51:55,2018,August,17,Friday,2018-08-17,3,Late Night
feliphe_bravo,2018-08-15 23:09:08,2018,August,15,Wednesday,2018-08-15,23,Night
renosplgbti,2018-08-13 13:47:23,2018,August,13,Monday,2018-08-13,13,Afternoon
maespeladiversidade,2018-08-13 13:41:00,2018,August,13,Monday,2018-08-13,13,Afternoon
omeuutero,2018-08-13 13:37:21,2018,August,13,Monday,2018-08-13,13,Afternoon
mtvbrasil,2018-08-12 19:21:19,2018,August,12,Sunday,2018-08-12,19,Evening
trlacerda,2018-08-11 19:34:28,2018,August,11,Saturday,2018-08-11,19,Evening
iza,2018-08-11 03:43:42,2018,August,11,Saturday,2018-08-11,3,Late Night
omeuutero,2018-08-11 03:29:58,2018,August,11,Saturday,2018-08-11,3,Late Night
revistatpm,2018-08-09 04:09:55,2018,August,9,Thursday,2018-08-09,4,Late Night
omeuutero,2018-08-08 17:54:21,2018,August,8,Wednesday,2018-08-08,17,Evening
vaiquecola1,2018-08-08 13:37:03,2018,August,8,Wednesday,2018-08-08,13,Afternoon
omeuutero,2018-08-08 13:33:42,2018,August,8,Wednesday,2018-08-08,13,Afternoon
reginanavarrolins,2018-08-08 01:58:23,2018,August,8,Wednesday,2018-08-08,1,Late Night
rodrigogodoy_,2018-08-08 01:22:29,2018,August,8,Wednesday,2018-08-08,1,Late Night
alcionealves27,2018-08-08 00:05:30,2018,August,8,Wednesday,2018-08-08,0,Late Night
virginianasevirginianos,2018-08-07 14:47:16,2018,August,7,Tuesday,2018-08-07,14,Afternoon
hipsterrecifense,2018-08-06 02:10:39,2018,August,6,Monday,2018-08-06,2,Late Night
hipsterrecifense,2018-08-06 02:10:22,2018,August,6,Monday,2018-08-06,2,Late Night
nutricionista_carolfaria,2018-08-05 15:38:43,2018,August,5,Sunday,2018-08-05,15,Afternoon
belagil,2018-08-04 21:45:19,2018,August,4,Saturday,2018-08-04,21,Night
hipsterrecifense,2018-08-04 16:21:39,2018,August,4,Saturday,2018-08-04,16,Afternoon
bregabregoso,2018-08-02 03:37:30,2018,August,2,Thursday,2018-08-02,3,Late Night
discogrohl,2018-08-02 03:36:05,2018,August,2,Thursday,2018-08-02,3,Late Night
filhasdefrida,2018-08-02 03:11:51,2018,August,2,Thursday,2018-08-02,3,Late Night
mari.ilustra,2018-08-02 03:09:40,2018,August,2,Thursday,2018-08-02,3,Late Night
recifeordinario,2018-08-02 03:08:54,2018,August,2,Thursday,2018-08-02,3,Late Night
bonjovi,2018-08-01 02:18:27,2018,August,1,Wednesday,2018-08-01,2,Late Night
angulodevista,2018-08-01 00:57:39,2018,August,1,Wednesday,2018-08-01,0,Late Night
luccas._.alves,2018-07-31 23:41:39,2018,July,31,Tuesday,2018-07-31,23,Night
pragmatismopolitico,2018-07-31 15:45:10,2018,July,31,Tuesday,2018-07-31,15,Afternoon
midianinja,2018-07-31 15:43:28,2018,July,31,Tuesday,2018-07-31,15,Afternoon
legiaodosherois,2018-07-30 13:39:59,2018,July,30,Monday,2018-07-30,13,Afternoon
recifeordinario,2018-07-30 13:15:21,2018,July,30,Monday,2018-07-30,13,Afternoon
acidalia_garcia,2018-07-29 16:48:52,2018,July,29,Sunday,2018-07-29,16,Afternoon
alissawhitegluz,2018-07-29 04:28:14,2018,July,29,Sunday,2018-07-29,4,Late Night
vaiquecola1,2018-07-29 02:43:34,2018,July,29,Sunday,2018-07-29,2,Late Night
ginaindelicada,2018-07-28 05:59:28,2018,July,28,Saturday,2018-07-28,5,Early Morning
ginaindelicada,2018-07-28 05:58:47,2018,July,28,Saturday,2018-07-28,5,Early Morning
wildlife_animalslife,2018-07-27 21:09:19,2018,July,27,Friday,2018-07-27,21,Night
loudwire,2018-07-24 03:36:03,2018,July,24,Tuesday,2018-07-24,3,Late Night
sincerooficial,2018-07-24 03:27:53,2018,July,24,Tuesday,2018-07-24,3,Late Night
_sbrnlr54,2018-07-24 03:21:34,2018,July,24,Tuesday,2018-07-24,3,Late Night
_sbrnlr54,2018-07-22 13:58:27,2018,July,22,Sunday,2018-07-22,13,Afternoon
ozzyosbourne,2018-07-19 03:29:37,2018,July,19,Thursday,2018-07-19,3,Late Night
sandyoficial,2018-07-15 19:30:19,2018,July,15,Sunday,2018-07-15,19,Evening
foxsportsbrasil,2018-07-15 18:35:07,2018,July,15,Sunday,2018-07-15,18,Evening
hugogloss,2018-07-15 18:33:34,2018,July,15,Sunday,2018-07-15,18,Evening
lukamodric10,2018-07-15 18:25:30,2018,July,15,Sunday,2018-07-15,18,Evening
sincerooficial,2018-07-15 18:16:02,2018,July,15,Sunday,2018-07-15,18,Evening
afetompb,2018-07-14 22:10:17,2018,July,14,Saturday,2018-07-14,22,Night
foxsportsbrasil,2018-07-14 13:21:25,2018,July,14,Saturday,2018-07-14,13,Afternoon
sportv,2018-07-14 13:13:21,2018,July,14,Saturday,2018-07-14,13,Afternoon
titecoach,2018-07-12 13:56:15,2018,July,12,Thursday,2018-07-12,13,Afternoon
mcorreia76,2018-07-12 13:15:08,2018,July,12,Thursday,2018-07-12,13,Afternoon
foofighters,2018-07-11 02:44:37,2018,July,11,Wednesday,2018-07-11,2,Late Night
vaiquecola1,2018-07-11 02:43:53,2018,July,11,Wednesday,2018-07-11,2,Late Night
bodegaiato,2018-07-10 10:06:25,2018,July,10,Tuesday,2018-07-10,10,Morning
luizthunderbird,2018-07-10 03:49:21,2018,July,10,Tuesday,2018-07-10,3,Late Night
bodegaiato,2018-07-10 03:38:08,2018,July,10,Tuesday,2018-07-10,3,Late Night
bodegaiato,2018-07-10 02:33:53,2018,July,10,Tuesday,2018-07-10,2,Late Night
sincerooficial,2018-07-08 13:53:45,2018,July,8,Sunday,2018-07-08,13,Afternoon
foxsportsbrasil,2018-07-08 13:50:25,2018,July,8,Sunday,2018-07-08,13,Afternoon
roberto_firmino,2018-07-08 13:45:04,2018,July,8,Sunday,2018-07-08,13,Afternoon
jc_pe,2018-07-01 21:43:15,2018,July,1,Sunday,2018-07-01,21,Night
jc_pe,2018-07-01 01:53:58,2018,July,1,Sunday,2018-07-01,1,Late Night
poenaroda,2018-06-27 23:24:48,2018,June,27,Wednesday,2018-06-27,23,Night
celestebarber,2018-06-27 21:14:42,2018,June,27,Wednesday,2018-06-27,21,Night
ozzyosbourne,2018-06-27 15:19:01,2018,June,27,Wednesday,2018-06-27,15,Afternoon
ozzyosbourne,2018-06-27 15:16:48,2018,June,27,Wednesday,2018-06-27,15,Afternoon
fevasconcellos,2018-06-27 11:22:49,2018,June,27,Wednesday,2018-06-27,11,Morning
foxsportsbrasil,2018-06-27 11:21:51,2018,June,27,Wednesday,2018-06-27,11,Morning
editora_alfaguara,2018-06-22 17:20:53,2018,June,22,Friday,2018-06-22,17,Evening
pefabiodemelo,2018-06-22 14:50:00,2018,June,22,Friday,2018-06-22,14,Afternoon
daniellakennia,2018-06-22 14:34:38,2018,June,22,Friday,2018-06-22,14,Afternoon
oficialmarciogarcia,2018-06-22 14:19:30,2018,June,22,Friday,2018-06-22,14,Afternoon
editora_alfaguara,2018-06-21 21:50:27,2018,June,21,Thursday,2018-06-21,21,Night
evandro_guedes,2018-06-20 23:33:10,2018,June,20,Wednesday,2018-06-20,23,Night
sitedrauziovarella,2018-06-20 23:27:06,2018,June,20,Wednesday,2018-06-20,23,Night
hipsterrecifense,2018-06-20 15:22:34,2018,June,20,Wednesday,2018-06-20,15,Afternoon
hipsterrecifense,2018-06-20 15:14:53,2018,June,20,Wednesday,2018-06-20,15,Afternoon
sofyanamrabat,2018-06-20 14:37:15,2018,June,20,Wednesday,2018-06-20,14,Afternoon
blacksabbath,2018-06-20 14:14:22,2018,June,20,Wednesday,2018-06-20,14,Afternoon
joacimcans,2018-06-20 14:09:34,2018,June,20,Wednesday,2018-06-20,14,Afternoon
joacimcans,2018-06-20 14:03:03,2018,June,20,Wednesday,2018-06-20,14,Afternoon
bodegaiato,2018-06-20 13:48:14,2018,June,20,Wednesday,2018-06-20,13,Afternoon
n_amrabat_official,2018-06-20 13:21:38,2018,June,20,Wednesday,2018-06-20,13,Afternoon
bodegaiato,2018-06-20 00:55:31,2018,June,20,Wednesday,2018-06-20,0,Late Night
poenaroda,2018-06-19 22:26:32,2018,June,19,Tuesday,2018-06-19,22,Night
jc_pe,2018-06-19 16:51:40,2018,June,19,Tuesday,2018-06-19,16,Afternoon
queenextravaganza,2018-06-19 14:43:38,2018,June,19,Tuesday,2018-06-19,14,Afternoon
novo_conceito,2018-06-17 14:20:39,2018,June,17,Sunday,2018-06-17,14,Afternoon
brianmayforreal,2018-06-17 13:28:15,2018,June,17,Sunday,2018-06-17,13,Afternoon
officialtomellis,2018-06-17 02:27:15,2018,June,17,Sunday,2018-06-17,2,Late Night
johndolmayan_,2018-06-17 02:18:08,2018,June,17,Sunday,2018-06-17,2,Late Night
sharonosbourne,2018-06-16 20:12:53,2018,June,16,Saturday,2018-06-16,20,Evening
sincerooficial,2018-06-16 18:44:23,2018,June,16,Saturday,2018-06-16,18,Evening
sincerooficial,2018-06-16 17:29:45,2018,June,16,Saturday,2018-06-16,17,Evening
ozzyosbourne,2018-06-16 17:19:54,2018,June,16,Saturday,2018-06-16,17,Evening
d3nny5_sde,2018-06-16 17:17:29,2018,June,16,Saturday,2018-06-16,17,Evening
sincerooficial,2018-06-16 15:54:22,2018,June,16,Saturday,2018-06-16,15,Afternoon
sincerooficial,2018-06-16 15:54:00,2018,June,16,Saturday,2018-06-16,15,Afternoon
evandromesquita,2018-06-16 15:31:46,2018,June,16,Saturday,2018-06-16,15,Afternoon
evandromesquita,2018-06-16 15:31:32,2018,June,16,Saturday,2018-06-16,15,Afternoon
ana_canas,2018-06-16 15:16:32,2018,June,16,Saturday,2018-06-16,15,Afternoon
eaimiles,2018-06-15 22:10:50,2018,June,15,Friday,2018-06-15,22,Night
igorangelkorte,2018-06-15 20:31:29,2018,June,15,Friday,2018-06-15,20,Evening
sincerooficial,2018-06-15 20:30:19,2018,June,15,Friday,2018-06-15,20,Evening
pefabiodemelo,2018-06-14 21:05:13,2018,June,14,Thursday,2018-06-14,21,Night
ozzyosbourne,2018-06-13 00:48:21,2018,June,13,Wednesday,2018-06-13,0,Late Night
sincerooficial,2018-06-08 15:36:19,2018,June,8,Friday,2018-06-08,15,Afternoon
discogrohl,2018-06-05 17:40:40,2018,June,5,Tuesday,2018-06-05,17,Evening
hipsterrecifense,2018-06-05 17:34:42,2018,June,5,Tuesday,2018-06-05,17,Evening
officialtomellis,2018-06-04 12:52:28,2018,June,4,Monday,2018-06-04,12,Morning
systemofadown,2018-06-03 05:25:26,2018,June,3,Sunday,2018-06-03,5,Early Morning
sincerooficial,2018-06-02 16:58:20,2018,June,2,Saturday,2018-06-02,16,Afternoon
hipsterrecifense,2018-06-01 04:46:29,2018,June,1,Friday,2018-06-01,4,Late Night
hipsterrecifense,2018-06-01 04:45:08,2018,June,1,Friday,2018-06-01,4,Late Night
daronmalakian,2018-06-01 04:22:36,2018,June,1,Friday,2018-06-01,4,Late Night
mariadoceurecife,2018-05-30 19:48:09,2018,May,30,Wednesday,2018-05-30,19,Evening
ozzyosbourne,2018-05-27 15:27:41,2018,May,27,Sunday,2018-05-27,15,Afternoon
esterluna18,2018-05-26 21:04:20,2018,May,26,Saturday,2018-05-26,21,Night
luizfelipecarneiro,2018-05-26 16:21:39,2018,May,26,Saturday,2018-05-26,16,Afternoon
estadao,2018-05-26 14:20:17,2018,May,26,Saturday,2018-05-26,14,Afternoon
roh_costa,2018-05-26 03:05:56,2018,May,26,Saturday,2018-05-26,3,Late Night
wilcla_maedebiaebruna,2018-05-24 14:37:24,2018,May,24,Thursday,2018-05-24,14,Afternoon
wilcla_maedebiaebruna,2018-05-24 14:36:55,2018,May,24,Thursday,2018-05-24,14,Afternoon
jackcacatua,2018-05-24 03:07:35,2018,May,24,Thursday,2018-05-24,3,Late Night
officialtomellis,2018-05-23 13:37:04,2018,May,23,Wednesday,2018-05-23,13,Afternoon
deyvisonfsilva,2018-05-22 12:15:19,2018,May,22,Tuesday,2018-05-22,12,Morning
deyvisonfsilva,2018-05-22 11:06:07,2018,May,22,Tuesday,2018-05-22,11,Morning
brianmayforreal,2018-05-20 23:40:01,2018,May,20,Sunday,2018-05-20,23,Night
brianmayforreal,2018-05-20 13:35:29,2018,May,20,Sunday,2018-05-20,13,Afternoon
robsonanselmotavares,2018-05-20 01:41:01,2018,May,20,Sunday,2018-05-20,1,Late Night
vickycornell,2018-05-19 03:11:22,2018,May,19,Saturday,2018-05-19,3,Late Night
tommorello,2018-05-19 03:04:32,2018,May,19,Saturday,2018-05-19,3,Late Night
vickycornell,2018-05-18 01:26:37,2018,May,18,Friday,2018-05-18,1,Late Night
robsonanselmotavares,2018-05-17 03:20:46,2018,May,17,Thursday,2018-05-17,3,Late Night
miltonbitucanascimento,2018-05-17 02:49:30,2018,May,17,Thursday,2018-05-17,2,Late Night
ozzyosbourne,2018-05-16 02:43:52,2018,May,16,Wednesday,2018-05-16,2,Late Night
instacinefilos,2018-05-14 20:26:20,2018,May,14,Monday,2018-05-14,20,Evening
whiplash_net,2018-05-08 18:42:18,2018,May,8,Tuesday,2018-05-08,18,Evening
pollypimenttel,2018-03-10 14:16:12,2018,March,10,Saturday,2018-03-10,14,Afternoon
leiturinha,2018-02-27 01:45:07,2018,February,27,Tuesday,2018-02-27,1,Late Night
companhiadasletras,2018-02-01 22:50:16,2018,February,1,Thursday,2018-02-01,22,Night
_sbrnlr54,2018-01-20 01:31:36,2018,January,20,Saturday,2018-01-20,1,Late Night
tamisacosta,2017-12-23 03:25:53,2017,December,23,Saturday,2017-12-23,3,Late Night
luccas._.alves,2017-12-18 05:25:06,2017,December,18,Monday,2017-12-18,5,Early Morning
jorgearagaodacruz,2017-12-03 13:33:20,2017,December,3,Sunday,2017-12-03,13,Afternoon
tamisacosta,2017-11-23 02:28:26,2017,November,23,Thursday,2017-11-23,2,Late Night
danicarmesimoficial,2017-11-20 01:38:54,2017,November,20,Monday,2017-11-20,1,Late Night
tamisacosta,2017-11-14 01:38:29,2017,November,14,Tuesday,2017-11-14,1,Late Night
rodrigogodoy_,2017-11-11 01:58:12,2017,November,11,Saturday,2017-11-11,1,Late Night
baileperfumado,2017-11-09 01:32:06,2017,November,9,Thursday,2017-11-09,1,Late Night
deyvisonfsilva,2017-11-05 18:30:13,2017,November,5,Sunday,2017-11-05,18,Evening
deyvisonfsilva,2017-11-05 01:09:03,2017,November,5,Sunday,2017-11-05,1,Late Night
deyvisonfsilva,2017-11-05 01:08:55,2017,November,5,Sunday,2017-11-05,1,Late Night
pretagil,2017-11-03 00:21:43,2017,November,3,Friday,2017-11-03,0,Late Night
luccas._.alves,2017-10-31 17:19:07,2017,October,31,Tuesday,2017-10-31,17,Evening
lolitapimenta,2017-10-30 03:59:26,2017,October,30,Monday,2017-10-30,3,Late Night
talesmaneva,2017-10-30 02:44:14,2017,October,30,Monday,2017-10-30,2,Late Night
sylvesterhenrique,2017-10-26 02:17:34,2017,October,26,Thursday,2017-10-26,2,Late Night
sylvesterhenrique,2017-10-26 02:14:39,2017,October,26,Thursday,2017-10-26,2,Late Night
esterluna18,2017-10-25 17:57:30,2017,October,25,Wednesday,2017-10-25,17,Evening
mari.ilustra,2017-10-24 00:47:02,2017,October,24,Tuesday,2017-10-24,0,Late Night
bigbangtheory,2017-10-20 22:36:54,2017,October,20,Friday,2017-10-20,22,Night
mariadoceurecife,2017-10-18 02:37:31,2017,October,18,Wednesday,2017-10-18,2,Late Night
luccas._.alves,2017-10-14 21:02:08,2017,October,14,Saturday,2017-10-14,21,Night
luccas._.alves,2017-10-13 02:27:41,2017,October,13,Friday,2017-10-13,2,Late Night
johnmayer,2017-10-10 10:09:40,2017,October,10,Tuesday,2017-10-10,10,Morning
paulogustavo31,2017-10-07 20:39:53,2017,October,7,Saturday,2017-10-07,20,Evening
ilustralu,2017-10-06 03:35:07,2017,October,6,Friday,2017-10-06,3,Late Night
wilcla_maedebiaebruna,2017-10-06 01:33:44,2017,October,6,Friday,2017-10-06,1,Late Night
luccas._.alves,2017-09-26 01:51:34,2017,September,26,Tuesday,2017-09-26,1,Late Night
ceu,2017-09-23 02:51:18,2017,September,23,Saturday,2017-09-23,2,Late Night
poenaroda,2017-09-21 02:36:31,2017,September,21,Thursday,2017-09-21,2,Late Night
klebsonguerra,2017-09-21 01:09:55,2017,September,21,Thursday,2017-09-21,1,Late Night
klebsonguerra,2017-09-21 01:09:50,2017,September,21,Thursday,2017-09-21,1,Late Night
pepita,2017-09-20 22:44:11,2017,September,20,Wednesday,2017-09-20,22,Night
luccas._.alves,2017-09-09 15:03:36,2017,September,9,Saturday,2017-09-09,15,Afternoon
tooadventures,2017-09-08 02:48:23,2017,September,8,Friday,2017-09-08,2,Late Night
tooadventures,2017-09-08 02:45:56,2017,September,8,Friday,2017-09-08,2,Late Night
unicornio6867,2017-09-08 02:40:39,2017,September,8,Friday,2017-09-08,2,Late Night
brunatavares,2017-09-06 17:08:53,2017,September,6,Wednesday,2017-09-06,17,Evening
brianmayforreal,2017-09-06 01:46:26,2017,September,6,Wednesday,2017-09-06,1,Late Night
brunatavares,2017-09-03 15:29:32,2017,September,3,Sunday,2017-09-03,15,Afternoon
danielpxeira,2017-09-01 20:52:33,2017,September,1,Friday,2017-09-01,20,Evening
sylvesterhenrique,2017-09-01 20:39:01,2017,September,1,Friday,2017-09-01,20,Evening
sanzara_,2017-08-23 22:21:10,2017,August,23,Wednesday,2017-08-23,22,Night
wilcla_maedebiaebruna,2017-08-23 22:18:40,2017,August,23,Wednesday,2017-08-23,22,Night
brunogagliasso,2017-08-21 01:00:31,2017,August,21,Monday,2017-08-21,1,Late Night
feliphe_bravo,2017-08-18 01:37:19,2017,August,18,Friday,2017-08-18,1,Late Night
henricastelli,2017-08-16 01:39:25,2017,August,16,Wednesday,2017-08-16,1,Late Night
luccas._.alves,2017-08-10 12:48:59,2017,August,10,Thursday,2017-08-10,12,Morning
luccas._.alves,2017-08-09 20:33:22,2017,August,9,Wednesday,2017-08-09,20,Evening
chloeclem,2017-08-09 02:59:24,2017,August,9,Wednesday,2017-08-09,2,Late Night
chloeclem,2017-08-09 00:48:19,2017,August,9,Wednesday,2017-08-09,0,Late Night
poesiagaybrasileira,2017-08-01 16:14:58,2017,August,1,Tuesday,2017-08-01,16,Afternoon
jfentonart,2017-08-01 12:50:32,2017,August,1,Tuesday,2017-08-01,12,Morning
editorarocco,2017-08-01 12:37:54,2017,August,1,Tuesday,2017-08-01,12,Morning
zizipossi,2017-07-31 14:02:30,2017,July,31,Monday,2017-07-31,14,Afternoon
cauelascala,2017-07-29 22:04:24,2017,July,29,Saturday,2017-07-29,22,Night
deyvisonfsilva,2017-07-28 00:37:49,2017,July,28,Friday,2017-07-28,0,Late Night
deyvisonfsilva,2017-07-28 00:37:01,2017,July,28,Friday,2017-07-28,0,Late Night
katyperry,2017-07-27 13:24:58,2017,July,27,Thursday,2017-07-27,13,Afternoon
deyvisonfsilva,2017-07-27 13:22:21,2017,July,27,Thursday,2017-07-27,13,Afternoon
deyvisonfsilva,2017-07-27 13:22:14,2017,July,27,Thursday,2017-07-27,13,Afternoon
deyvisonfsilva,2017-07-27 13:21:01,2017,July,27,Thursday,2017-07-27,13,Afternoon
oinsurgente,2017-07-25 02:54:01,2017,July,25,Tuesday,2017-07-25,2,Late Night
faroeditorial,2017-07-21 23:31:08,2017,July,21,Friday,2017-07-21,23,Night
globolivros,2017-07-21 16:20:19,2017,July,21,Friday,2017-07-21,16,Afternoon
mateuscarrilho,2017-07-20 15:51:11,2017,July,20,Thursday,2017-07-20,15,Afternoon
officialaha,2017-07-18 14:09:33,2017,July,18,Tuesday,2017-07-18,14,Afternoon
officialaha,2017-07-18 14:08:00,2017,July,18,Tuesday,2017-07-18,14,Afternoon
magne_furuholmen,2017-07-16 15:50:31,2017,July,16,Sunday,2017-07-16,15,Afternoon
officialaha,2017-07-16 15:49:17,2017,July,16,Sunday,2017-07-16,15,Afternoon
danisuzuki,2017-07-15 03:44:26,2017,July,15,Saturday,2017-07-15,3,Late Night
irandhirsan,2017-07-13 20:29:25,2017,July,13,Thursday,2017-07-13,20,Evening
aninhabac,2017-07-13 20:23:04,2017,July,13,Thursday,2017-07-13,20,Evening
aninhabac,2017-07-13 20:23:00,2017,July,13,Thursday,2017-07-13,20,Evening
antrohh,2017-07-11 22:16:29,2017,July,11,Tuesday,2017-07-11,22,Night
taciana21_o,2017-07-07 23:40:09,2017,July,7,Friday,2017-07-07,23,Night
danywsbela,2017-07-06 02:08:02,2017,July,6,Thursday,2017-07-06,2,Late Night
johnmayer,2017-06-27 14:50:31,2017,June,27,Tuesday,2017-06-27,14,Afternoon
oficialdricamoraes,2017-06-25 19:09:37,2017,June,25,Sunday,2017-06-25,19,Evening
brunogagliasso,2017-06-25 01:01:48,2017,June,25,Sunday,2017-06-25,1,Late Night
faroeditorial,2017-06-23 21:12:35,2017,June,23,Friday,2017-06-23,21,Night
faroeditorial,2017-06-23 21:12:14,2017,June,23,Friday,2017-06-23,21,Night
faroeditorial,2017-06-23 21:11:41,2017,June,23,Friday,2017-06-23,21,Night
digaoraimundos,2017-06-23 18:45:09,2017,June,23,Friday,2017-06-23,18,Evening
henricastelli,2017-06-23 18:42:06,2017,June,23,Friday,2017-06-23,18,Evening
faroeditorial,2017-06-21 16:24:45,2017,June,21,Wednesday,2017-06-21,16,Afternoon
brunogagliasso,2017-06-20 20:25:50,2017,June,20,Tuesday,2017-06-20,20,Evening
marcmartel,2017-06-20 00:18:21,2017,June,20,Tuesday,2017-06-20,0,Late Night
chandellybraz,2017-06-19 20:15:27,2017,June,19,Monday,2017-06-19,20,Evening
ceu,2017-06-19 19:25:18,2017,June,19,Monday,2017-06-19,19,Evening
brunacaram,2017-06-19 18:19:12,2017,June,19,Monday,2017-06-19,18,Evening
mateuscarrilho,2017-06-19 16:49:25,2017,June,19,Monday,2017-06-19,16,Afternoon
mateuscarrilho,2017-06-19 14:54:31,2017,June,19,Monday,2017-06-19,14,Afternoon
henricastelli,2017-06-19 00:10:58,2017,June,19,Monday,2017-06-19,0,Late Night
adrielle_murielle,2017-06-17 20:20:21,2017,June,17,Saturday,2017-06-17,20,Evening
pretagil,2017-06-17 16:26:00,2017,June,17,Saturday,2017-06-17,16,Afternoon
ottomatopeia,2017-06-15 16:54:28,2017,June,15,Thursday,2017-06-15,16,Afternoon
zizipossi,2017-06-14 15:29:12,2017,June,14,Wednesday,2017-06-14,15,Afternoon
laura_wie,2017-06-13 22:42:59,2017,June,13,Tuesday,2017-06-13,22,Night
maymonetattoo,2017-06-13 17:38:07,2017,June,13,Tuesday,2017-06-13,17,Evening
maymonetattoo,2017-06-13 17:21:53,2017,June,13,Tuesday,2017-06-13,17,Evening
rodrigogodoy_,2017-06-13 01:55:48,2017,June,13,Tuesday,2017-06-13,1,Late Night
companhiadasletras,2017-06-12 23:36:31,2017,June,12,Monday,2017-06-12,23,Night
marcmartel,2017-06-12 17:00:38,2017,June,12,Monday,2017-06-12,17,Evening
pretagil,2017-06-11 01:20:38,2017,June,11,Sunday,2017-06-11,1,Late Night
alejds1,2017-06-08 19:12:35,2017,June,8,Thursday,2017-06-08,19,Evening
ivetesangalo,2017-06-05 19:37:29,2017,June,5,Monday,2017-06-05,19,Evening
tamisacosta,2017-06-04 19:23:23,2017,June,4,Sunday,2017-06-04,19,Evening
johnmayer,2017-05-31 04:11:49,2017,May,31,Wednesday,2017-05-31,4,Late Night
johnmayer,2017-05-31 03:35:47,2017,May,31,Wednesday,2017-05-31,3,Late Night
diariodepernambuco,2017-05-29 02:39:34,2017,May,29,Monday,2017-05-29,2,Late Night
diariodepernambuco,2017-05-27 23:34:25,2017,May,27,Saturday,2017-05-27,23,Night
editoraaleph,2017-05-26 20:03:50,2017,May,26,Friday,2017-05-26,20,Evening
rodrigogodoy_,2017-05-25 23:47:03,2017,May,25,Thursday,2017-05-25,23,Night
brunatavares,2017-05-22 16:05:56,2017,May,22,Monday,2017-05-22,16,Afternoon
hipsterrecifense,2017-05-21 01:31:59,2017,May,21,Sunday,2017-05-21,1,Late Night
midianinja,2017-05-18 19:30:33,2017,May,18,Thursday,2017-05-18,19,Evening
rodrigogodoy_,2017-05-12 01:55:25,2017,May,12,Friday,2017-05-12,1,Late Night
lanisaquirino,2017-05-01 17:53:49,2017,May,1,Monday,2017-05-01,17,Evening
ceu,2017-04-21 21:32:11,2017,April,21,Friday,2017-04-21,21,Night
johnmayer,2017-04-14 02:31:00,2017,April,14,Friday,2017-04-14,2,Late Night
revistaforum,2017-04-06 04:21:21,2017,April,6,Thursday,2017-04-06,4,Late Night
diariodepernambuco,2017-04-01 02:39:53,2017,April,1,Saturday,2017-04-01,2,Late Night
midianinja,2017-04-01 02:37:08,2017,April,1,Saturday,2017-04-01,2,Late Night
universodoslivros,2017-03-29 14:12:34,2017,March,29,Wednesday,2017-03-29,14,Afternoon
diariodepernambuco,2017-03-29 14:08:59,2017,March,29,Wednesday,2017-03-29,14,Afternoon
livraria_cultura,2017-03-25 13:51:22,2017,March,25,Saturday,2017-03-25,13,Afternoon
diariodepernambuco,2017-03-24 22:50:42,2017,March,24,Friday,2017-03-24,22,Night
estadao,2017-03-23 21:08:27,2017,March,23,Thursday,2017-03-23,21,Night
paulalavigne,2017-03-21 01:50:30,2017,March,21,Tuesday,2017-03-21,1,Late Night
companhiadasletras,2017-03-21 01:44:59,2017,March,21,Tuesday,2017-03-21,1,Late Night
jfentonart,2017-03-12 20:24:54,2017,March,12,Sunday,2017-03-12,20,Evening
estadao,2017-03-11 04:14:43,2017,March,11,Saturday,2017-03-11,4,Late Night
estadao,2017-03-09 20:47:50,2017,March,9,Thursday,2017-03-09,20,Evening
diariodepernambuco,2017-03-07 15:30:46,2017,March,7,Tuesday,2017-03-07,15,Afternoon
diariodepernambuco,2017-03-03 02:25:21,2017,March,3,Friday,2017-03-03,2,Late Night
lenine,2017-02-23 19:16:39,2017,February,23,Thursday,2017-02-23,19,Evening
wilcla_maedebiaebruna,2017-02-22 00:30:20,2017,February,22,Wednesday,2017-02-22,0,Late Night
lourraiinee,2017-02-18 02:37:07,2017,February,18,Saturday,2017-02-18,2,Late Night
diariodepernambuco,2017-02-07 22:49:21,2017,February,7,Tuesday,2017-02-07,22,Night
jornalistaslivres,2017-01-26 04:56:27,2017,January,26,Thursday,2017-01-26,4,Late Night
diariodepernambuco,2017-01-25 14:32:18,2017,January,25,Wednesday,2017-01-25,14,Afternoon
diariodepernambuco,2017-01-25 14:29:48,2017,January,25,Wednesday,2017-01-25,14,Afternoon
diariodepernambuco,2017-01-25 13:02:22,2017,January,25,Wednesday,2017-01-25,13,Afternoon
diariodepernambuco,2017-01-25 13:01:09,2017,January,25,Wednesday,2017-01-25,13,Afternoon
jeanwyllys_real,2017-01-15 02:03:08,2017,January,15,Sunday,2017-01-15,2,Late Night
bloglivrada,2017-01-09 02:17:28,2017,January,9,Monday,2017-01-09,2,Late Night
revistaforum,2017-01-05 04:10:31,2017,January,5,Thursday,2017-01-05,4,Late Night
hipsterrecifense,2017-01-04 15:16:09,2017,January,4,Wednesday,2017-01-04,15,Afternoon
paulogustavo31,2016-12-29 03:27:24,2016,December,29,Thursday,2016-12-29,3,Late Night
xuxameneghel,2016-12-24 03:06:09,2016,December,24,Saturday,2016-12-24,3,Late Night
diariodepernambuco,2016-12-20 23:59:19,2016,December,20,Tuesday,2016-12-20,23,Night
paulogustavo31,2016-12-20 23:56:14,2016,December,20,Tuesday,2016-12-20,23,Night
jeanwyllys_real,2016-12-20 15:12:06,2016,December,20,Tuesday,2016-12-20,15,Afternoon
diariodepernambuco,2016-12-20 15:11:03,2016,December,20,Tuesday,2016-12-20,15,Afternoon
diariodepernambuco,2016-12-20 14:46:08,2016,December,20,Tuesday,2016-12-20,14,Afternoon
tvcultura,2016-12-20 04:55:14,2016,December,20,Tuesday,2016-12-20,4,Late Night
xuxameneghel,2016-12-20 01:25:28,2016,December,20,Tuesday,2016-12-20,1,Late Night
diariodepernambuco,2016-12-17 22:28:19,2016,December,17,Saturday,2016-12-17,22,Night
diariodepernambuco,2016-12-15 05:50:22,2016,December,15,Thursday,2016-12-15,5,Early Morning
monica.iozzi,2016-12-13 01:21:41,2016,December,13,Tuesday,2016-12-13,1,Late Night
culturalivre,2016-12-03 04:23:26,2016,December,3,Saturday,2016-12-03,4,Late Night
olazaroramos,2016-11-27 23:47:44,2016,November,27,Sunday,2016-11-27,23,Night
galcosta,2016-11-24 04:09:45,2016,November,24,Thursday,2016-11-24,4,Late Night
paulogustavo31,2016-11-24 01:44:26,2016,November,24,Thursday,2016-11-24,1,Late Night
miltonbitucanascimento,2016-11-24 01:35:42,2016,November,24,Thursday,2016-11-24,1,Late Night
diariodepernambuco,2016-11-22 23:16:54,2016,November,22,Tuesday,2016-11-22,23,Night
brenabraz,2016-11-22 13:54:16,2016,November,22,Tuesday,2016-11-22,13,Afternoon
sincerooficial,2016-11-22 05:17:38,2016,November,22,Tuesday,2016-11-22,5,Early Morning
brunatavares,2016-11-19 02:42:59,2016,November,19,Saturday,2016-11-19,2,Late Night
ceu,2016-11-18 00:17:37,2016,November,18,Friday,2016-11-18,0,Late Night
diariodepernambuco,2016-11-17 17:34:15,2016,November,17,Thursday,2016-11-17,17,Evening
nat.fr,2016-11-12 02:40:50,2016,November,12,Saturday,2016-11-12,2,Late Night
alfredocardim,2016-11-07 03:30:55,2016,November,7,Monday,2016-11-07,3,Late Night
xuxameneghel,2016-11-07 01:31:37,2016,November,7,Monday,2016-11-07,1,Late Night
miltonbitucanascimento,2016-11-01 21:30:31,2016,November,1,Tuesday,2016-11-01,21,Night
luccas._.alves,2016-10-31 14:03:02,2016,October,31,Monday,2016-10-31,14,Afternoon
tamisacosta,2016-10-30 14:06:59,2016,October,30,Sunday,2016-10-30,14,Afternoon
diariodepernambuco,2016-10-17 14:12:42,2016,October,17,Monday,2016-10-17,14,Afternoon
diariodepernambuco,2016-10-02 15:37:28,2016,October,2,Sunday,2016-10-02,15,Afternoon
ivanlinsoficial,2016-10-02 02:14:04,2016,October,2,Sunday,2016-10-02,2,Late Night
brenabraz,2016-10-02 02:08:29,2016,October,2,Sunday,2016-10-02,2,Late Night
brenabrazbeauty,2016-09-27 01:31:30,2016,September,27,Tuesday,2016-09-27,1,Late Night
brenabrazbeauty,2016-09-26 14:34:28,2016,September,26,Monday,2016-09-26,14,Afternoon
editorabelasletras,2016-09-23 02:44:41,2016,September,23,Friday,2016-09-23,2,Late Night
editorabelasletras,2016-09-23 02:42:55,2016,September,23,Friday,2016-09-23,2,Late Night
xuxameneghel,2016-09-15 20:51:45,2016,September,15,Thursday,2016-09-15,20,Evening
neymatogrosso.fa.clube.oficial,2016-09-11 14:51:47,2016,September,11,Sunday,2016-09-11,14,Afternoon
tamisacosta,2016-09-07 02:48:04,2016,September,7,Wednesday,2016-09-07,2,Late Night
xuxameneghel,2016-09-06 23:13:34,2016,September,6,Tuesday,2016-09-06,23,Night
alejds1,2016-08-30 16:22:55,2016,August,30,Tuesday,2016-08-30,16,Afternoon
oinsurgente,2016-08-30 16:22:11,2016,August,30,Tuesday,2016-08-30,16,Afternoon
monica.iozzi,2016-08-29 21:44:18,2016,August,29,Monday,2016-08-29,21,Night
midianinja,2016-08-29 21:00:31,2016,August,29,Monday,2016-08-29,21,Night
classicalpianocovers,2016-08-27 22:18:36,2016,August,27,Saturday,2016-08-27,22,Night
brenabraz,2016-08-26 19:32:59,2016,August,26,Friday,2016-08-26,19,Evening
yuridomeniconi,2016-08-23 23:35:01,2016,August,23,Tuesday,2016-08-23,23,Night
pitty,2016-08-23 17:48:36,2016,August,23,Tuesday,2016-08-23,17,Evening
ransomriggs,2016-08-23 02:23:41,2016,August,23,Tuesday,2016-08-23,2,Late Night
oinsurgente,2016-08-21 18:18:10,2016,August,21,Sunday,2016-08-21,18,Evening
companhiadasletras,2016-08-16 20:53:36,2016,August,16,Tuesday,2016-08-16,20,Evening
coco.the.parrot,2016-08-16 01:04:25,2016,August,16,Tuesday,2016-08-16,1,Late Night
nat.fr,2016-08-15 11:56:02,2016,August,15,Monday,2016-08-15,11,Morning
eu_rafaela_andrade,2016-08-15 04:11:57,2016,August,15,Monday,2016-08-15,4,Late Night
danielpxeira,2016-08-12 23:12:07,2016,August,12,Friday,2016-08-12,23,Night
johnmayer,2016-08-11 03:34:56,2016,August,11,Thursday,2016-08-11,3,Late Night
paulogustavo31,2016-08-11 03:09:22,2016,August,11,Thursday,2016-08-11,3,Late Night
martinsfontespaulista,2016-08-04 18:13:26,2016,August,4,Thursday,2016-08-04,18,Evening
jornalrascunho,2016-08-04 17:51:47,2016,August,4,Thursday,2016-08-04,17,Evening
midianinja,2016-08-03 04:39:54,2016,August,3,Wednesday,2016-08-03,4,Late Night
homoliteratus,2016-08-03 02:49:42,2016,August,3,Wednesday,2016-08-03,2,Late Night
jornalistaslivres,2016-08-01 03:14:20,2016,August,1,Monday,2016-08-01,3,Late Night
natgeo,2016-07-29 04:56:10,2016,July,29,Friday,2016-07-29,4,Late Night
jorgedupeixe,2016-07-25 02:28:05,2016,July,25,Monday,2016-07-25,2,Late Night
bloglivrada,2016-07-25 00:04:03,2016,July,25,Monday,2016-07-25,0,Late Night
linikeroficial,2016-07-24 23:50:19,2016,July,24,Sunday,2016-07-24,23,Night
tamisacosta,2016-07-24 22:37:40,2016,July,24,Sunday,2016-07-24,22,Night
ceu,2016-07-24 19:18:59,2016,July,24,Sunday,2016-07-24,19,Evening
magloreoficial,2016-07-07 16:15:20,2016,July,7,Thursday,2016-07-07,16,Afternoon
taglivros,2016-07-05 01:31:44,2016,July,5,Tuesday,2016-07-05,1,Late Night
midianinja,2016-07-02 06:40:45,2016,July,2,Saturday,2016-07-02,6,Early Morning
danywsbela,2016-07-02 04:13:56,2016,July,2,Saturday,2016-07-02,4,Late Night
danywsbela,2016-07-02 04:13:52,2016,July,2,Saturday,2016-07-02,4,Late Night
danywsbela,2016-07-02 03:50:53,2016,July,2,Saturday,2016-07-02,3,Late Night
mily_stagram,2016-06-30 11:37:43,2016,June,30,Thursday,2016-06-30,11,Morning
tamisacosta,2016-06-21 02:43:23,2016,June,21,Tuesday,2016-06-21,2,Late Night
johnmayer,2016-06-17 00:40:09,2016,June,17,Friday,2016-06-17,0,Late Night
jeanwyllys_real,2016-05-09 21:41:34,2016,May,9,Monday,2016-05-09,21,Night
cleyson.erasmo,2016-05-08 22:21:32,2016,May,8,Sunday,2016-05-08,22,Night
calopsita_livre,2016-05-03 03:27:47,2016,May,3,Tuesday,2016-05-03,3,Late Night
23harleysage,2016-05-02 03:28:17,2016,May,2,Monday,2016-05-02,3,Late Night
alicesalazaroficial,2016-05-02 03:01:58,2016,May,2,Monday,2016-05-02,3,Late Night
currupaco,2016-04-29 15:33:32,2016,April,29,Friday,2016-04-29,15,Afternoon
currupaco,2016-04-29 15:32:40,2016,April,29,Friday,2016-04-29,15,Afternoon
cakesallib,2016-03-15 03:02:00,2016,March,15,Tuesday,2016-03-15,3,Late Night
diariodepernambuco,2016-03-14 19:25:24,2016,March,14,Monday,2016-03-14,19,Evening
bianca,2016-02-20 18:05:45,2016,February,20,Saturday,2016-02-20,18,Evening
brunamalheiros,2016-02-03 14:34:46,2016,February,3,Wednesday,2016-02-03,14,Afternoon
dailus,2016-01-18 01:27:47,2016,January,18,Monday,2016-01-18,1,Late Night
partiurecife,2015-07-07 00:50:25,2015,July,7,Tuesday,2015-07-07,0,Late Night
deyvisonfsilva,2015-03-09 16:01:56,2015,March,9,Monday,2015-03-09,16,Afternoon
